box_conf;box_x;box_y;box_w;box_h;box_x_n;box_y_n;box_w_n;box_h_n;1_x;1_y;1_conf;1_x_n;1_y_n;2_x;2_y;2_conf;2_x_n;2_y_n;3_x;3_y;3_conf;3_x_n;3_y_n;4_x;4_y;4_conf;4_x_n;4_y_n;5_x;5_y;5_conf;5_x_n;5_y_n;6_x;6_y;6_conf;6_x_n;6_y_n;7_x;7_y;7_conf;7_x_n;7_y_n;8_x;8_y;8_conf;8_x_n;8_y_n;9_x;9_y;9_conf;9x_n;9_y_n;10_x;10_y;10_conf;10_x_n;10_y_n;11_x;11_y;11_conf;11_x_n;11_y_n;12_x;12_y;12_conf;12_x_n;12_y_n;13_x;13_y;13_conf;13_x_n;13_y_n;14_x;14_y;14_conf;14_x_n;14_y_n;15_x;15_y;15_conf;15_x_n;15_y_n;16_x;16_y;16_conf;16_x_n;16_y_n;17_x;17_y;17_conf;17_x_n;17_y_n
0.91075253;78.0;235.0;156.0;470.0;0.040625;0.2175926;0.08125;0.4351852;0.0;0.0;0.05325343;0.0;0.0;0.0;0.0;0.02781782;0.0;0.0;0.0;0.0;0.030937023;0.0;0.0;0.0;0.0;0.015818236;0.0;0.0;0.0;0.0;0.03081322;0.0;0.0;0.0;0.0;0.42506284;0.0;0.0;0.0;0.0;0.040808536;0.0;0.0;78.41766;9.958649;0.6148231;0.040842533;0.009220971;0.0;0.0;0.021804938;0.0;0.0;93.370674;5.1346893;0.56095576;0.048630558;0.004754342;0.0;0.0;0.048413385;0.0;0.0;52.606667;133.75671;0.93359524;0.027399305;0.12384881;0.0;142.18298;0.75160587;0.0;0.13165091;91.84274;259.386;0.98267096;0.04783476;0.2401722;11.426067;282.5589;0.923219;0.0059510767;0.2616286;102.53476;374.3799;0.98169327;0.05340352;0.34664807;41.183792;403.66992;0.9375375;0.021449892;0.37376845
0.9108611;78.0;235.5;156.0;471.0;0.040625;0.21805556;0.08125;0.43611112;0.0;0.0;0.04159302;0.0;0.0;0.0;0.0;0.021762788;0.0;0.0;0.0;0.0;0.024228504;0.0;0.0;0.0;0.0;0.013305489;0.0;0.0;0.0;0.0;0.026472531;0.0;0.0;0.0;0.0;0.3931197;0.0;0.0;0.0;0.0;0.036059834;0.0;0.0;79.860634;10.513252;0.6111618;0.04159408;0.009734493;0.0;0.0;0.021300985;0.0;0.0;87.41649;5.683159;0.5634508;0.04552942;0.005262184;0.0;0.0;0.048555754;0.0;0.0;53.26664;133.41249;0.9369153;0.027743042;0.12353008;0.0;142.00839;0.7624812;0.0;0.13148925;91.94496;261.45453;0.9837636;0.047888;0.24208753;11.307232;285.42767;0.92796;0.0058891834;0.26428488;101.95763;373.18634;0.98270506;0.05310293;0.3455429;41.655792;404.09155;0.9408405;0.021695726;0.37415886
0.9099505;77.5;235.0;155.0;470.0;0.040364582;0.2175926;0.080729164;0.4351852;0.0;0.0;0.04305876;0.0;0.0;0.0;0.0;0.021182666;0.0;0.0;0.0;0.0;0.026223613;0.0;0.0;0.0;0.0;0.012392198;0.0;0.0;0.0;0.0;0.028685147;0.0;0.0;0.0;0.0;0.37108257;0.0;0.0;0.0;0.0;0.03714089;0.0;0.0;78.51709;9.130348;0.573715;0.04089432;0.008454026;0.0;0.0;0.02232538;0.0;0.0;90.11598;6.11158;0.5350901;0.046935406;0.00565887;0.0;0.0;0.05053201;0.0;0.0;52.70715;133.45892;0.9312313;0.02745164;0.12357308;0.0;142.16412;0.7575351;0.0;0.13163345;92.32807;260.73505;0.98275906;0.048087537;0.24142134;11.902554;284.4173;0.9292107;0.0061992467;0.26334935;101.632675;373.798;0.9822673;0.052933685;0.34610927;42.07415;404.03238;0.9429011;0.02191362;0.37410405
0.9087523;77.5;235.5;155.0;471.0;0.040364582;0.21805556;0.080729164;0.43611112;0.0;0.0;0.052107;0.0;0.0;0.0;0.0;0.026584938;0.0;0.0;0.0;0.0;0.031033307;0.0;0.0;0.0;0.0;0.014957086;0.0;0.0;0.0;0.0;0.031427696;0.0;0.0;0.0;0.0;0.40799123;0.0;0.0;0.0;0.0;0.04103022;0.0;0.0;78.08827;8.321548;0.60109293;0.040670976;0.0077051376;0.0;0.0;0.022946572;0.0;0.0;88.84871;5.9677277;0.55559087;0.04627537;0.0055256737;0.0;0.0;0.051396884;0.0;0.0;52.13291;131.93239;0.93026304;0.027152559;0.122159615;0.0;140.73428;0.74936056;0.0;0.13030952;91.73205;258.92072;0.9812841;0.04777711;0.2397414;11.853092;282.72318;0.9209382;0.0061734854;0.2617807;101.61113;372.8052;0.9798614;0.052922465;0.34519002;41.83068;403.1868;0.93378335;0.021786813;0.37332112
0.90959895;1038.5;343.0;491.0;678.0;0.5408854;0.3175926;0.25572917;0.62777776;1022.59814;125.8185;0.97065634;0.5326032;0.116498604;1036.7606;97.67427;0.9646532;0.5399795;0.09043914;1006.1858;104.67691;0.82038313;0.5240551;0.09692307;1106.2949;62.347572;0.8864328;0.5761953;0.057729233;0.0;0.0;0.25003695;0.0;0.0;1204.1964;178.66759;0.9867468;0.62718564;0.16543294;1075.5481;140.76979;0.94326526;0.5601813;0.1303424;1234.6101;400.92987;0.97012746;0.6430261;0.37123135;1065.3894;213.49881;0.8169286;0.55489033;0.19768408;1112.0916;512.4586;0.9576597;0.57921433;0.47449872;943.147;256.96072;0.8094527;0.49122238;0.2379266;1200.7086;519.0358;0.97324955;0.6253691;0.48058873;1107.2623;491.19772;0.9521036;0.57669914;0.4548127;1201.4177;734.3634;0.88697183;0.6257384;0.6799661;1043.4905;703.9471;0.8118261;0.5434846;0.65180284;1229.8693;887.9837;0.5097347;0.64055693;0.82220715;0.0;0.0;0.43885797;0.0;0.0
0.9090673;78.0;235.5;156.0;471.0;0.040625;0.21805556;0.08125;0.43611112;0.0;0.0;0.049276795;0.0;0.0;0.0;0.0;0.023848556;0.0;0.0;0.0;0.0;0.030981326;0.0;0.0;0.0;0.0;0.012995151;0.0;0.0;0.0;0.0;0.032472298;0.0;0.0;0.0;0.0;0.37503597;0.0;0.0;0.0;0.0;0.04063897;0.0;0.0;77.32319;5.7624664;0.55950624;0.040272493;0.005335617;0.0;0.0;0.02348009;0.0;0.0;87.71371;5.7244263;0.5220914;0.045684222;0.0053003947;0.0;0.0;0.052069142;0.0;0.0;52.73931;131.23549;0.9283533;0.02746839;0.12151434;0.0;140.58102;0.75622267;0.0;0.13016762;92.43892;258.20505;0.9817748;0.04814527;0.23907875;12.018024;283.6215;0.92819273;0.006259388;0.2626125;100.93039;371.2349;0.9813767;0.05256791;0.34373602;41.440285;404.2673;0.94176626;0.02158348;0.37432158
0.9084965;78.0;235.5;156.0;471.0;0.040625;0.21805556;0.08125;0.43611112;0.0;0.0;0.04714179;0.0;0.0;0.0;0.0;0.023356752;0.0;0.0;0.0;0.0;0.02883288;0.0;0.0;0.0;0.0;0.013231952;0.0;0.0;0.0;0.0;0.030477302;0.0;0.0;0.0;0.0;0.37736595;0.0;0.0;0.0;0.0;0.039250568;0.0;0.0;76.472946;5.7008514;0.5724477;0.03982966;0.005278566;0.0;0.0;0.023064883;0.0;0.0;86.720474;6.118469;0.5338676;0.045166913;0.005665249;0.0;0.0;0.05180069;0.0;0.0;52.808384;131.47827;0.92866963;0.027504366;0.12173914;0.0;140.94229;0.7530768;0.0;0.13050212;92.98598;259.61887;0.98138064;0.048430197;0.24038784;12.143864;284.83588;0.9250754;0.006324929;0.26373693;101.15427;372.077;0.9805243;0.052684512;0.34451574;41.81254;404.61432;0.9382394;0.021777363;0.37464288
0.90900755;78.0;236.0;156.0;472.0;0.040625;0.21851853;0.08125;0.43703705;0.0;0.0;0.043257188;0.0;0.0;0.0;0.0;0.022589844;0.0;0.0;0.0;0.0;0.025963424;0.0;0.0;0.0;0.0;0.013167594;0.0;0.0;0.0;0.0;0.02756866;0.0;0.0;0.0;0.0;0.37229618;0.0;0.0;0.0;0.0;0.033703476;0.0;0.0;79.87059;6.864235;0.58556306;0.041599266;0.006355773;0.0;0.0;0.01964488;0.0;0.0;85.34921;7.002846;0.5446252;0.044452716;0.0064841164;0.0;0.0;0.04597148;0.0;0.0;53.194283;129.9776;0.92708653;0.027705355;0.12034963;0.0;139.19624;0.73397595;0.0;0.1288854;92.81532;258.58002;0.98119146;0.048341315;0.23942594;11.599834;283.80328;0.9179894;0.0060415803;0.26278082;101.72827;371.3876;0.98030466;0.052983474;0.3438774;41.630898;403.92426;0.9334161;0.02168276;0.37400395
0.9094253;78.0;235.5;156.0;471.0;0.040625;0.21805556;0.08125;0.43611112;0.0;0.0;0.0352334;0.0;0.0;0.0;0.0;0.018279066;0.0;0.0;0.0;0.0;0.021040216;0.0;0.0;0.0;0.0;0.011763738;0.0;0.0;0.0;0.0;0.024022244;0.0;0.0;0.0;0.0;0.3330904;0.0;0.0;0.0;0.0;0.030570501;0.0;0.0;78.20196;6.4995575;0.5559208;0.040730186;0.0060181087;0.0;0.0;0.019260867;0.0;0.0;88.47416;5.516487;0.517977;0.04608029;0.005107858;0.0;0.0;0.04449464;0.0;0.0;53.12005;130.74408;0.9225349;0.027666692;0.121059336;0.0;140.03206;0.7288331;0.0;0.12965931;92.38906;259.12292;0.9805608;0.048119303;0.23992863;11.029541;284.28958;0.9185988;0.0057445527;0.2632311;102.01164;371.98517;0.98028404;0.053131063;0.3444307;41.29706;404.7157;0.93546957;0.021508884;0.37473676
0.90877247;77.5;235.5;155.0;471.0;0.040364582;0.21805556;0.080729164;0.43611112;0.0;0.0;0.03512238;0.0;0.0;0.0;0.0;0.019010255;0.0;0.0;0.0;0.0;0.020552501;0.0;0.0;0.0;0.0;0.012126349;0.0;0.0;0.0;0.0;0.022886012;0.0;0.0;0.0;0.0;0.33746982;0.0;0.0;0.0;0.0;0.028346771;0.0;0.0;79.41565;6.920517;0.5726054;0.04136232;0.0064078863;0.0;0.0;0.017665874;0.0;0.0;85.84206;8.19175;0.5354865;0.044709403;0.007584953;0.0;0.0;0.042513378;0.0;0.0;53.297985;128.95435;0.9230982;0.027759368;0.11940217;0.0;137.89673;0.7195553;0.0;0.12768215;91.974304;258.79013;0.9807891;0.047903284;0.23962049;10.581665;283.4217;0.9146853;0.005511284;0.26242748;101.9138;372.09332;0.98020166;0.053080104;0.34453085;41.754288;403.84094;0.9322079;0.021747025;0.3739268
0.90691125;77.5;235.5;155.0;471.0;0.040364582;0.21805556;0.080729164;0.43611112;0.0;0.0;0.01135158;0.0;0.0;0.0;0.0;0.009949379;0.0;0.0;0.0;0.0;0.00583571;0.0;0.0;0.0;0.0;0.008834902;0.0;0.0;0.0;0.0;0.009135698;0.0;0.0;0.0;0.0;0.31872237;0.0;0.0;0.0;0.0;0.0070534246;0.0;0.0;78.74434;0.0;0.6569953;0.04101268;0.0;0.0;0.0;0.0033188062;0.0;0.0;86.02531;2.563179;0.55330074;0.04480485;0.002373314;0.0;0.0;0.009885189;0.0;0.0;55.069603;128.64609;0.95359683;0.028682085;0.119116746;0.0;139.4715;0.67266494;0.0;0.12914027;94.28543;258.55563;0.9929589;0.049106997;0.23940337;12.935783;286.79224;0.9265981;0.0067373873;0.26554838;102.20058;369.58734;0.99471056;0.053229466;0.3422105;44.66278;404.74008;0.9645166;0.023261866;0.37475935
0.90814865;78.0;235.5;156.0;471.0;0.040625;0.21805556;0.08125;0.43611112;0.0;0.0;0.03893007;0.0;0.0;0.0;0.0;0.019566141;0.0;0.0;0.0;0.0;0.024137145;0.0;0.0;0.0;0.0;0.011623623;0.0;0.0;0.0;0.0;0.02673349;0.0;0.0;0.0;0.0;0.32669923;0.0;0.0;0.0;0.0;0.03136995;0.0;0.0;75.66287;7.54422;0.5333978;0.039407745;0.0069853887;0.0;0.0;0.019217527;0.0;0.0;85.242485;6.324646;0.50017965;0.044397127;0.0058561536;0.0;0.0;0.044628244;0.0;0.0;51.86049;128.61092;0.9176069;0.027010672;0.11908418;0.0;137.8635;0.7204228;0.0;0.12765138;92.79696;257.39807;0.97997755;0.04833175;0.23833154;12.622833;282.78897;0.91908437;0.0065743923;0.26184162;101.400856;372.229;0.98010767;0.052812945;0.3446565;42.14251;405.48236;0.93658614;0.021949224;0.37544662
0.91153294;1071.0;342.5;438.0;679.0;0.5578125;0.31712964;0.228125;0.6287037;998.0404;127.10811;0.9633207;0.5198127;0.117692694;1011.027;100.767746;0.95841885;0.5265766;0.09330347;984.8712;106.33983;0.7626607;0.51295376;0.098462805;1081.0896;67.57521;0.8888524;0.5630675;0.06256964;0.0;0.0;0.19305123;0.0;0.0;1193.9917;174.54166;0.9877872;0.6218707;0.16161264;1060.4937;138.6877;0.93786734;0.55234045;0.12841454;1249.1194;389.88995;0.9756851;0.650583;0.3610092;1052.9341;210.66742;0.8170366;0.54840314;0.19506243;1118.208;505.26434;0.965849;0.5824;0.46783736;939.2781;254.529;0.81574327;0.48920733;0.235675;1206.641;512.9279;0.97864425;0.62845886;0.47493327;1109.8057;485.17538;0.9587844;0.5780238;0.44923645;1203.9731;727.34924;0.9052007;0.62706935;0.6734715;1040.7141;691.2757;0.83024454;0.5420386;0.6400701;1237.2661;883.0499;0.5491374;0.6444094;0.8176388;0.0;0.0;0.4705174;0.0;0.0
0.90809935;78.0;235.0;156.0;470.0;0.040625;0.2175926;0.08125;0.4351852;0.0;0.0;0.037634756;0.0;0.0;0.0;0.0;0.01837571;0.0;0.0;0.0;0.0;0.023531891;0.0;0.0;0.0;0.0;0.011066372;0.0;0.0;0.0;0.0;0.026963925;0.0;0.0;0.0;0.0;0.3282799;0.0;0.0;0.0;0.0;0.034813482;0.0;0.0;75.887054;6.388298;0.54989743;0.039524507;0.005915091;0.0;0.0;0.023836639;0.0;0.0;81.764435;9.19574;0.5262659;0.042585645;0.008514574;0.0;0.0;0.054886922;0.0;0.0;51.077507;127.84509;0.92483944;0.026602868;0.118375085;0.0;136.67113;0.7509633;0.0;0.12654734;92.60328;257.73044;0.98099947;0.048230875;0.2386393;12.66552;281.97092;0.9272511;0.006596625;0.26108417;101.38687;372.40192;0.9801241;0.052805662;0.3448166;40.683113;403.7079;0.93942416;0.021189122;0.3738036
0.90993065;1074.0;342.5;440.0;679.0;0.559375;0.31712964;0.22916667;0.6287037;994.61426;128.16312;0.9628594;0.51802826;0.118669555;1006.79004;101.45416;0.9573558;0.52436984;0.093939036;981.08545;108.13298;0.75604284;0.510982;0.10012313;1075.6785;67.942726;0.8906429;0.5602492;0.06290993;0.0;0.0;0.19174343;0.0;0.0;1192.6772;175.79459;0.9891922;0.6211861;0.16277276;1058.3474;140.9863;0.94252074;0.5512226;0.13054287;1255.3916;389.07687;0.9788104;0.6538498;0.36025637;1051.839;210.08144;0.8319729;0.5478328;0.19451985;1123.6265;508.56342;0.96968824;0.5852221;0.47089204;940.4857;254.625;0.82921064;0.4898363;0.23576389;1204.7815;517.68445;0.98181295;0.62749034;0.47933745;1107.5718;489.38403;0.96411175;0.5768603;0.45313337;1205.5427;732.64087;0.9112111;0.62788683;0.6783712;1039.8225;692.9684;0.83777523;0.54157424;0.6416374;1236.9885;886.74194;0.5567778;0.6442649;0.8210574;0.0;0.0;0.47706386;0.0;0.0
0.9083906;77.5;235.5;155.0;471.0;0.040364582;0.21805556;0.080729164;0.43611112;0.0;0.0;0.0071934275;0.0;0.0;0.0;0.0;0.005491274;0.0;0.0;0.0;0.0;0.0040807864;0.0;0.0;0.0;0.0;0.0052448884;0.0;0.0;0.0;0.0;0.0076575545;0.0;0.0;0.0;0.0;0.2099527;0.0;0.0;0.0;0.0;0.005472273;0.0;0.0;72.851654;0.0;0.56328183;0.037943568;0.0;0.0;0.0;0.0035715816;0.0;0.0;0.0;0.0;0.49267408;0.0;0.0;0.0;0.0;0.011023719;0.0;0.0;52.649254;124.60277;0.939585;0.027421486;0.11537293;0.0;135.36905;0.64571726;0.0;0.12534171;93.28196;256.11542;0.9914545;0.048584353;0.2371439;12.898808;284.2508;0.92550606;0.006718129;0.2631952;102.83954;368.9067;0.99385023;0.05356226;0.34158027;43.910156;404.40894;0.9640376;0.022869874;0.3744527
0.91074497;1075.5;342.0;449.0;678.0;0.5601562;0.31666666;0.23385416;0.62777776;984.6815;127.1889;0.95726216;0.51285493;0.117767505;996.20605;102.29086;0.95353836;0.5188573;0.09471376;974.6098;106.95557;0.719013;0.50760925;0.09903293;1068.3529;71.024574;0.8913869;0.5564338;0.065763496;0.0;0.0;0.1624929;0.0;0.0;1191.7085;174.97581;0.98841244;0.6206815;0.16201465;1054.6372;138.64908;0.9337004;0.54929024;0.12837878;1263.3372;385.88086;0.97829574;0.65798813;0.3572971;1047.372;210.90057;0.8145727;0.54550624;0.1952783;1136.5521;509.45612;0.9691179;0.59195423;0.47171864;939.5455;256.48718;0.81444573;0.4893466;0.23748814;1201.8555;514.9037;0.982405;0.62596637;0.47676268;1102.8142;485.85413;0.9640017;0.5743824;0.44986492;1207.3491;737.07544;0.9171857;0.6288277;0.68247724;1033.7217;694.91364;0.8445478;0.5383967;0.6434386;1240.7109;896.0896;0.57351357;0.64620364;0.82971257;0.0;0.0;0.49110854;0.0;0.0
0.91884625;1080.0;342.5;444.0;681.0;0.5625;0.31712964;0.23125;0.63055557;981.3653;126.49587;0.9395492;0.51112777;0.11712581;992.84015;102.10881;0.9369801;0.51710427;0.09454519;972.82825;106.7216;0.6365933;0.5066814;0.0988163;1063.6838;71.621956;0.88615227;0.554002;0.06631663;0.0;0.0;0.148954;0.0;0.0;1188.2068;172.44923;0.985892;0.6188577;0.15967521;1053.7344;138.48166;0.929858;0.54881996;0.12822376;1265.2664;384.08807;0.9750352;0.6589929;0.3556371;1048.7277;219.54105;0.80601954;0.5462123;0.20327875;1141.2998;515.7484;0.9610813;0.594427;0.4775448;936.3524;254.53775;0.80460113;0.48768356;0.2356831;1197.5216;514.93616;0.98357266;0.62370914;0.47679275;1100.1484;485.77246;0.9667636;0.572994;0.44978932;1213.0205;735.1405;0.90155864;0.6317815;0.68068564;1025.5552;683.6512;0.82787025;0.5341433;0.6330103;0.0;0.0;0.4955619;0.0;0.0;0.0;0.0;0.4324811;0.0;0.0
0.9098138;77.5;235.0;155.0;470.0;0.040364582;0.2175926;0.080729164;0.4351852;0.0;0.0;0.03560421;0.0;0.0;0.0;0.0;0.018289518;0.0;0.0;0.0;0.0;0.021339092;0.0;0.0;0.0;0.0;0.011491047;0.0;0.0;0.0;0.0;0.024483722;0.0;0.0;0.0;0.0;0.33548537;0.0;0.0;0.0;0.0;0.03159502;0.0;0.0;76.70762;9.5177765;0.5763259;0.039951883;0.008812756;0.0;0.0;0.02143725;0.0;0.0;82.38423;10.804733;0.5466988;0.042908452;0.010004383;0.0;0.0;0.05078514;0.0;0.0;52.767326;129.35315;0.9229938;0.027482983;0.119771436;0.0;138.24594;0.7323132;0.0;0.1280055;91.78159;257.58704;0.98000985;0.047802914;0.23850651;11.434113;282.11102;0.91709334;0.0059552668;0.2612139;101.9304;371.93518;0.9786401;0.053088747;0.34438443;41.365562;403.64722;0.93074435;0.021544565;0.3737474
0.93172026;1085.5;342.5;445.0;681.0;0.5653646;0.31712964;0.23177083;0.63055557;977.3169;126.268295;0.93665683;0.5090192;0.11691509;988.5068;101.86926;0.93494344;0.5148473;0.09432339;969.25366;106.67583;0.6180577;0.50481963;0.09877391;1060.7677;71.714676;0.8866047;0.5524832;0.06640248;0.0;0.0;0.13937873;0.0;0.0;1187.3973;172.65999;0.98637134;0.6184361;0.15987036;1051.3958;139.96642;0.92766446;0.54760194;0.12959853;1273.5524;379.0056;0.97652596;0.6633085;0.35093114;1043.3651;219.1181;0.803363;0.5434193;0.20288713;1157.0201;515.80383;0.9630017;0.60261464;0.47759613;931.35443;258.93265;0.8040903;0.48508042;0.23975246;1195.2664;510.08142;0.9848911;0.6225346;0.4722976;1098.0627;481.75168;0.968442;0.5719077;0.44606638;1214.2336;731.54663;0.90863585;0.6324133;0.677358;1027.3339;681.69324;0.8362404;0.5350697;0.63119745;1244.834;888.3711;0.5147386;0.648351;0.82256585;0.0;0.0;0.44811496;0.0;0.0
0.93456095;1087.0;342.5;448.0;681.0;0.56614584;0.31712964;0.23333333;0.63055557;975.6345;126.557236;0.938972;0.508143;0.11718263;987.03314;102.1084;0.9370485;0.51407975;0.09454481;966.9494;106.93364;0.62934005;0.5036195;0.09901263;1058.7362;71.31752;0.8879155;0.5514251;0.06603474;0.0;0.0;0.14302672;0.0;0.0;1186.678;169.62428;0.98672915;0.6180614;0.15705952;1046.8262;139.66896;0.9292679;0.545222;0.12932311;1277.1049;375.87003;0.97696745;0.6651588;0.3480278;1042.2583;223.26595;0.80563796;0.54284286;0.20672773;1162.9546;515.7041;0.96339035;0.6057055;0.4775038;929.5014;263.05292;0.8058275;0.4841153;0.24356751;1196.6407;505.60297;0.9850943;0.62325037;0.46815088;1096.6311;478.5206;0.96877456;0.57116205;0.44307464;1217.3602;730.80115;0.9074784;0.6340418;0.67666775;1026.0515;681.4532;0.83409995;0.53440183;0.6309752;1247.5475;884.4136;0.50820583;0.6497643;0.8189015;0.0;0.0;0.4414659;0.0;0.0
0.9335225;1088.5;342.5;451.0;681.0;0.5669271;0.31712964;0.23489584;0.63055557;972.99884;126.99509;0.9372921;0.50677025;0.11758804;984.42834;102.57147;0.9350323;0.5127231;0.09497359;964.3435;107.34599;0.6243664;0.50226223;0.09939444;1056.4979;71.44272;0.88398606;0.55025935;0.066150665;0.0;0.0;0.14130855;0.0;0.0;1184.573;168.6303;0.98612577;0.6169651;0.15613917;1046.2284;139.15878;0.9274993;0.5449106;0.12885073;1280.54;373.12454;0.97597325;0.66694796;0.3454857;1043.1584;223.08916;0.8046447;0.5433117;0.20656404;1172.0419;515.58606;0.96205854;0.61043847;0.4773945;928.0413;265.51938;0.8055816;0.48335487;0.24585128;1195.2931;503.72928;0.98492116;0.62254846;0.466416;1096.3889;477.05438;0.96886194;0.5710359;0.44171703;1218.1411;728.6799;0.90910614;0.63444847;0.6747036;1026.9402;679.9198;0.83941257;0.53486466;0.62955534;1250.011;883.15594;0.51754874;0.6510474;0.817737;0.0;0.0;0.45332295;0.0;0.0
0.93364;1090.0;342.5;454.0;681.0;0.5677083;0.31712964;0.23645833;0.63055557;970.903;127.1602;0.9320769;0.50567865;0.11774093;982.44836;102.67392;0.93073094;0.51169187;0.09506845;962.5226;107.42008;0.59351164;0.50131387;0.09946304;1055.9172;71.17644;0.8827874;0.5499569;0.06590411;0.0;0.0;0.12754373;0.0;0.0;1184.502;168.0588;0.98654336;0.6169281;0.15561001;1045.7382;140.17172;0.9239827;0.54465526;0.12978864;1283.9097;370.07587;0.97797227;0.66870296;0.34266284;1041.7424;226.36766;0.8003284;0.54257417;0.20959969;1179.5247;516.62164;0.9647288;0.6143358;0.47835338;927.18164;268.01947;0.80428725;0.48290712;0.24816617;1194.4082;502.48578;0.98613864;0.6220876;0.46526462;1095.4575;476.13806;0.9699968;0.5705508;0.4408686;1221.0005;725.1732;0.9158393;0.63593775;0.6714567;1028.5266;674.10223;0.8451248;0.53569096;0.62416875;1254.7797;879.18677;0.53849435;0.6535311;0.8140618;0.0;0.0;0.46891868;0.0;0.0
0.9273946;1088.5;343.0;463.0;680.0;0.5669271;0.3175926;0.24114583;0.6296296;968.03613;126.65673;0.9387769;0.5041855;0.117274754;980.8533;102.447716;0.9363638;0.5108611;0.094859;958.95056;106.38318;0.62479514;0.49945343;0.09850294;1054.0957;71.56824;0.88608545;0.5490082;0.06626689;0.0;0.0;0.13927291;0.0;0.0;1182.8308;165.52592;0.9874325;0.6160577;0.15326475;1040.1431;139.25229;0.9313722;0.5417412;0.1289373;1289.8881;366.788;0.9781723;0.6718167;0.3396185;1040.8158;230.56636;0.8119146;0.54209155;0.21348737;1189.0109;515.0431;0.96471155;0.61927646;0.47689176;926.08594;271.43286;0.8125575;0.48233643;0.2513267;1197.0261;498.32727;0.98693883;0.6234511;0.46141413;1096.09;472.3388;0.97236055;0.5708802;0.43735075;1218.7751;722.0083;0.9236676;0.63477874;0.66852623;1028.8911;667.78284;0.8614216;0.5358808;0.6183174;1250.5774;880.17664;0.5649968;0.6513424;0.81497836;0.0;0.0;0.4998515;0.0;0.0
0.91387886;1082.5;343.0;487.0;678.0;0.56380206;0.3175926;0.25364584;0.62777776;962.12897;127.539825;0.94864696;0.5011088;0.11809243;973.49615;103.5569;0.9454632;0.50702924;0.09588602;954.0672;107.47275;0.66059613;0.49691;0.0995118;1047.6902;72.81576;0.88951796;0.545672;0.067421995;0.0;0.0;0.13055512;0.0;0.0;1182.2744;164.41003;0.98958707;0.6157679;0.15223151;1038.3672;142.92458;0.9326373;0.54081625;0.13233757;1290.8617;360.51077;0.9818881;0.6723238;0.33380628;1040.0969;231.001;0.8214826;0.5417172;0.21388982;1191.2141;513.4678;0.97341055;0.62042403;0.4754331;927.7595;276.27087;0.8222985;0.4832081;0.25580636;1202.613;498.54483;0.9872487;0.62636095;0.4616156;1099.8563;474.9473;0.9720068;0.5728418;0.43976602;1222.0576;723.9182;0.9380786;0.6364883;0.67029464;1036.3215;677.5426;0.8760474;0.5397508;0.62735426;1256.132;879.9567;0.6449255;0.6542354;0.81477475;1032.1277;843.26294;0.56102055;0.5375665;0.78079903
0.9232522;1089.0;342.5;480.0;679.0;0.5671875;0.31712964;0.25;0.6287037;959.99835;126.88435;0.94904;0.49999914;0.117485516;972.0072;103.3537;0.9460884;0.5062538;0.09569787;952.05194;106.51131;0.6668215;0.4958604;0.09862158;1045.8207;74.304634;0.8890723;0.5446983;0.06880058;0.0;0.0;0.13500832;0.0;0.0;1180.1128;165.35779;0.9893764;0.6146421;0.15310906;1035.1093;143.73436;0.9313234;0.5391194;0.13308737;1292.9348;357.20425;0.98100084;0.67340356;0.33074468;1038.3179;230.75021;0.81714725;0.54079056;0.2136576;1196.2965;510.8051;0.97232765;0.6230711;0.47296768;926.8491;278.9768;0.8193004;0.4827339;0.25831187;1204.4159;495.28064;0.986649;0.62729996;0.4585932;1101.612;471.92276;0.9709529;0.5737563;0.43696553;1219.5518;723.86426;0.93708074;0.6351832;0.6702447;1037.8436;677.4028;0.87520885;0.54054356;0.6272248;1249.0984;881.20734;0.6429465;0.65057206;0.8159327;1032.3223;846.15656;0.56008714;0.5376679;0.7834783
0.9352537;1093.5;342.5;477.0;681.0;0.56953126;0.31712964;0.2484375;0.63055557;956.42993;125.251305;0.9398098;0.4981406;0.11597343;969.6376;102.42229;0.9410407;0.50501955;0.09483545;950.7268;104.84688;0.6281289;0.4951702;0.09708044;1043.937;76.617645;0.8935903;0.5437172;0.07094227;0.0;0.0;0.119327515;0.0;0.0;1178.9932;166.67819;0.9900568;0.6140589;0.15433165;1032.773;146.59273;0.92426306;0.5379026;0.135734;1299.998;355.30493;0.9825172;0.6770823;0.32898605;1036.0803;240.89703;0.7997226;0.53962517;0.22305281;1203.7776;512.5078;0.9695534;0.6269675;0.47454426;925.7975;279.9922;0.7958764;0.4821862;0.259252;1203.6416;494.83948;0.98953044;0.6268967;0.4581847;1099.0771;469.54938;0.97504854;0.57243603;0.43476793;1222.6224;713.061;0.94595414;0.6367825;0.66024166;1033.8469;656.09094;0.88537633;0.5384619;0.6074916;1257.8264;871.1012;0.67273515;0.6551179;0.8065752;1035.8894;829.9254;0.5851639;0.53952575;0.7684495
0.92424536;1091.0;343.0;486.0;680.0;0.56822914;0.3175926;0.253125;0.6296296;955.3966;126.502304;0.9481633;0.4976024;0.11713176;967.91986;103.62195;0.9451024;0.50412494;0.095946245;948.24036;106.206825;0.66272706;0.49387518;0.098339655;1041.7328;76.57782;0.88931584;0.54256916;0.07090539;0.0;0.0;0.13201071;0.0;0.0;1178.9491;164.12207;0.989379;0.61403596;0.15196487;1029.0305;146.4315;0.93379945;0.5359534;0.13558473;1299.4126;352.6171;0.9808555;0.6767774;0.32649732;1033.3832;239.86942;0.82281834;0.5382204;0.22210132;1205.6406;511.02576;0.9719213;0.62793785;0.473172;923.7783;286.63922;0.8223184;0.48113453;0.2654067;1207.9438;492.20648;0.98732156;0.6291374;0.45574674;1101.3423;469.97107;0.9727821;0.5736158;0.4351584;1224.3335;717.30786;0.9412528;0.6376737;0.66417396;1035.1304;666.6772;0.88439375;0.5391304;0.6172937;1257.6155;877.7931;0.6623837;0.6550081;0.8127714;1032.9194;842.3225;0.58466274;0.5379789;0.77992827
0.92987365;1092.5;343.0;487.0;680.0;0.56901044;0.3175926;0.25364584;0.6296296;952.8891;125.28724;0.9473957;0.4962964;0.1160067;966.0436;102.30226;0.9442861;0.5031477;0.09472431;945.527;104.42857;0.6595396;0.49246198;0.09669312;1040.9877;75.29418;0.8880693;0.5421811;0.06971683;0.0;0.0;0.13056721;0.0;0.0;1178.7148;164.16344;0.98921025;0.61391395;0.15200318;1026.2672;147.4972;0.9330097;0.5345142;0.13657148;1302.7493;351.0334;0.9804016;0.67851526;0.32503092;1031.4531;243.51782;0.82137173;0.5372152;0.22547947;1209.8458;509.4087;0.9716223;0.630128;0.4716747;921.9923;291.13394;0.8225102;0.4802043;0.26956847;1208.3622;490.24915;0.9868635;0.6293553;0.4539344;1100.7656;468.32068;0.9719428;0.57331544;0.43363026;1225.1212;713.14;0.9398392;0.638084;0.66031486;1036.0952;661.87195;0.8825122;0.5396329;0.6128444;1255.3077;869.67444;0.66119057;0.6538061;0.8052541;1032.3593;835.4793;0.584338;0.5376871;0.77359194
0.93917775;1094.0;343.0;488.0;680.0;0.5697917;0.3175926;0.25416666;0.6296296;951.84546;124.88413;0.9440745;0.49575284;0.11563346;964.7404;102.09544;0.9409534;0.50246894;0.09453282;944.76465;104.590164;0.6480977;0.49206492;0.09684274;1039.3098;76.07604;0.88448083;0.5413072;0.07044078;0.0;0.0;0.12884313;0.0;0.0;1177.4491;163.13649;0.988872;0.6132547;0.15105231;1024.728;148.61449;0.93123186;0.5337125;0.13760601;1303.384;346.59784;0.9798589;0.6788458;0.32092392;1028.715;246.69452;0.8181253;0.5357891;0.22842085;1216.8737;505.38904;0.97040814;0.63378835;0.46795282;919.4357;295.7398;0.81750447;0.47887278;0.27383316;1206.6898;489.70523;0.98726606;0.6284843;0.45343077;1098.9991;468.61688;0.97276014;0.5723954;0.43390453;1224.1147;713.86053;0.9434293;0.6375598;0.66098195;1035.6152;662.5425;0.8891827;0.53938293;0.61346525;1254.2845;877.20886;0.67707276;0.6532732;0.8122304;1032.4675;842.07117;0.60190547;0.5377435;0.7796955
0.94093335;1093.0;343.0;494.0;682.0;0.56927085;0.3175926;0.25729167;0.63148147;950.93536;122.727104;0.93932045;0.49527884;0.11363621;964.75793;99.62306;0.93927395;0.50247806;0.092243575;944.3981;102.79097;0.63588625;0.491874;0.09517682;1037.8796;75.48784;0.89008135;0.54056233;0.06989615;0.0;0.0;0.12747598;0.0;0.0;1176.4747;162.72797;0.99038565;0.61274725;0.15067405;1019.7614;152.531;0.92987967;0.5311257;0.14123242;1307.7416;342.4547;0.9822437;0.6811154;0.3170877;1021.70337;257.35907;0.80912966;0.53213716;0.23829544;1224.6504;503.8243;0.968421;0.6378387;0.46650398;915.8454;297.55524;0.7998755;0.4770028;0.2755141;1206.8828;490.45633;0.99057806;0.6285848;0.45412624;1096.4476;469.19806;0.9779237;0.5710665;0.43444264;1223.5211;712.5787;0.95195097;0.6372506;0.65979505;1032.8281;655.57495;0.8989738;0.5379313;0.6070138;1252.7192;879.48193;0.6972526;0.65245795;0.8143351;1036.8785;836.1642;0.61581856;0.5400409;0.77422607
0.9248377;1084.5;343.0;515.0;680.0;0.5648438;0.3175926;0.26822916;0.6296296;948.0785;123.974464;0.9411032;0.4937909;0.11479117;961.335;100.88251;0.93837595;0.50069535;0.09340973;941.16174;103.45713;0.63088566;0.49018842;0.09579364;1037.5775;75.45236;0.8857184;0.540405;0.0698633;0.0;0.0;0.121682815;0.0;0.0;1179.2151;164.16003;0.98931354;0.61417454;0.15200002;1016.8916;154.38513;0.93170106;0.529631;0.1429492;1308.6057;342.56467;0.98095703;0.68156546;0.3171895;1018.2114;256.85754;0.8189606;0.53031844;0.23783106;1225.4491;500.94727;0.9716437;0.63825476;0.46384007;910.2175;309.11343;0.81728894;0.47407162;0.28621614;1208.2373;490.80386;0.98820275;0.6292903;0.454448;1094.8218;471.8214;0.97417194;0.5702197;0.43687168;1227.4734;714.29614;0.94457656;0.63930905;0.6613853;1032.2546;665.73364;0.8891407;0.53763264;0.61642003;1255.2772;872.2438;0.6783023;0.65379024;0.8076331;1036.6097;840.845;0.59978753;0.5399009;0.77856016
0.94182646;1092.5;342.5;501.0;681.0;0.56901044;0.31712964;0.2609375;0.63055557;947.56696;123.880875;0.9352714;0.49352446;0.11470451;960.10925;100.731995;0.9338996;0.5000569;0.09327037;940.879;103.80874;0.6049752;0.49004117;0.0961192;1035.5378;75.45728;0.88361;0.53934264;0.06986786;0.0;0.0;0.11445704;0.0;0.0;1178.9958;164.25616;0.98911744;0.61406034;0.15208904;1015.5646;156.07228;0.92470056;0.5289399;0.14451137;1308.9692;341.6234;0.9812584;0.6817548;0.31631798;1016.135;260.7369;0.8038537;0.529237;0.24142306;1229.5625;500.20703;0.9716735;0.64039713;0.46315464;911.1317;314.5857;0.8049361;0.47454777;0.29128304;1207.6343;490.17114;0.98815197;0.62897617;0.45386216;1093.7012;472.12408;0.97286296;0.56963605;0.43715194;1228.0242;713.4636;0.9451094;0.6395959;0.6606145;1031.6201;667.0029;0.8858392;0.53730214;0.6175953;1252.928;875.14;0.68144363;0.6525667;0.81031483;1036.896;843.7471;0.5964948;0.54004997;0.78124726
0.9410672;1090.0;342.5;510.0;683.0;0.5677083;0.31712964;0.265625;0.6324074;946.7471;121.49174;0.9304782;0.49309742;0.11249235;960.00183;98.33402;0.9309626;0.50000095;0.09105002;941.36816;101.6814;0.60052407;0.49029592;0.09414944;1034.9939;74.7778;0.88526994;0.53905934;0.06923871;0.0;0.0;0.11658765;0.0;0.0;1179.2473;162.8513;0.9897503;0.6141913;0.15078825;1014.99884;157.06326;0.92471963;0.5286452;0.14542894;1314.449;337.12183;0.98169714;0.6846088;0.31214985;1015.98816;267.01593;0.80243224;0.5291605;0.24723697;1237.4735;498.1343;0.9674483;0.6445175;0.46123546;906.64087;318.07288;0.7915092;0.4722088;0.2945119;1205.3104;497.6756;0.99039406;0.62776583;0.46081075;1089.4021;478.44873;0.97727865;0.56739694;0.4430081;1233.8141;719.34644;0.94611347;0.6426115;0.6660615;1028.9606;666.28064;0.88738817;0.535917;0.6169265;1257.2405;875.51;0.67013466;0.65481275;0.81065744;1038.1686;839.71747;0.58497524;0.5407128;0.7775162
0.9389341;1088.5;342.5;513.0;681.0;0.5669271;0.31712964;0.2671875;0.63055557;946.8839;121.42133;0.9368786;0.4931687;0.11242716;959.70703;98.23494;0.935189;0.4998474;0.090958275;940.2977;101.26927;0.61654955;0.4897384;0.093767844;1035.2135;73.196594;0.88332266;0.5391737;0.06777462;0.0;0.0;0.11730763;0.0;0.0;1179.419;160.8382;0.9885866;0.6142807;0.14892426;1014.5033;156.97568;0.92377543;0.5283871;0.14534785;1312.9792;334.31128;0.9798489;0.6838434;0.30954748;1016.85474;269.31213;0.7994138;0.5296118;0.24936308;1236.5966;495.24945;0.9696285;0.64406073;0.4585643;905.3357;328.0161;0.7992548;0.471529;0.30371863;1206.7605;495.7815;0.9872802;0.6285211;0.45905694;1091.1611;478.79236;0.97128797;0.56831306;0.44332626;1231.9183;720.6041;0.9394581;0.64162415;0.667226;1029.815;672.3828;0.8766429;0.53636193;0.62257665;1256.7339;879.27594;0.65799177;0.6545489;0.8141444;1034.6014;848.5366;0.57325625;0.5388549;0.7856821
0.94153255;1088.0;343.0;518.0;682.0;0.56666666;0.3175926;0.26979166;0.63148147;945.99316;119.9485;0.9282366;0.49270478;0.11106343;959.6184;96.918755;0.92867184;0.49980125;0.08973959;940.88654;100.00195;0.5961294;0.49004507;0.0925944;1035.1558;73.41291;0.88265795;0.5391436;0.06797492;0.0;0.0;0.11585499;0.0;0.0;1179.4734;158.73645;0.9892925;0.6143091;0.1469782;1013.39575;156.92944;0.9233866;0.5278103;0.14530504;1316.8989;331.2525;0.98074776;0.68588483;0.30671528;1015.7677;276.45087;0.79807425;0.5290457;0.255973;1243.5515;495.79285;0.96547294;0.6476831;0.45906746;899.99365;332.82248;0.78391206;0.4687467;0.30816895;1204.0082;498.10748;0.99032634;0.6270876;0.46121064;1086.8175;480.11636;0.97726053;0.56605077;0.44455218;1235.2833;723.0661;0.94604677;0.6433767;0.66950566;1028.3115;668.8042;0.8880842;0.5355789;0.6192632;1258.0953;880.2244;0.67033404;0.655258;0.8150226;1039.2747;845.8733;0.58679205;0.5412889;0.783216
0.9451292;1084.5;343.0;525.0;680.0;0.5648438;0.3175926;0.2734375;0.6296296;945.6698;120.40313;0.93038666;0.49253637;0.11148438;956.7193;96.81935;0.9278872;0.4982913;0.08964755;939.995;101.135284;0.5934631;0.48958072;0.093643785;1032.284;70.753784;0.8788593;0.53764796;0.06551276;0.0;0.0;0.11442786;0.0;0.0;1181.0073;157.15178;0.98829275;0.61510795;0.14551091;1015.9247;158.4295;0.9261364;0.5291274;0.14669399;1313.946;327.16205;0.9793482;0.6843469;0.30292782;1014.1759;279.13126;0.8057709;0.5282166;0.25845486;1245.2362;490.44025;0.9681683;0.6485605;0.45411134;898.1691;341.30542;0.7999758;0.46779642;0.31602353;1205.0134;492.71606;0.98801863;0.62761116;0.45621857;1089.8718;477.33224;0.97345054;0.56764156;0.4419743;1234.2562;717.08496;0.94307184;0.64284176;0.66396755;1029.2115;669.322;0.885674;0.5360477;0.61974263;1256.7722;881.1394;0.67394555;0.65456885;0.8158698;1037.9813;849.3213;0.5943415;0.54061526;0.7864086
0.94507885;1079.0;343.0;536.0;680.0;0.5619792;0.3175926;0.27916667;0.6296296;945.4562;119.91632;0.9346504;0.49242508;0.11103363;957.2479;96.201164;0.93298745;0.49856663;0.089075156;939.48865;100.193115;0.6083101;0.489317;0.0927714;1034.3044;69.49846;0.8824442;0.5387002;0.064350426;0.0;0.0;0.11431759;0.0;0.0;1182.106;154.96881;0.98837435;0.61568016;0.14348964;1013.0912;159.08908;0.924378;0.52765167;0.1473047;1314.1387;324.81284;0.97927284;0.6844472;0.30075264;1009.31995;285.9291;0.7964527;0.52568746;0.26474917;1245.5142;489.5197;0.96810865;0.6487053;0.453259;888.67896;350.52026;0.7927187;0.4628536;0.3245558;1206.1182;488.14;0.98784804;0.6281865;0.45198148;1088.6564;474.10226;0.9725883;0.56700855;0.4389836;1236.595;714.96924;0.94505876;0.6440599;0.6620086;1029.7198;668.97156;0.88748205;0.5363124;0.6194181;1258.8103;882.5941;0.6819291;0.65563035;0.81721675;1037.2106;854.0989;0.5997696;0.5402138;0.7908323
0.9460231;1077.5;343.0;539.0;680.0;0.56119794;0.3175926;0.28072917;0.6296296;946.86646;118.58185;0.9383795;0.49315962;0.10979801;959.27185;94.93728;0.9353686;0.49962077;0.087904885;940.48425;98.68167;0.62672216;0.48983556;0.091371916;1036.0247;68.907166;0.88262606;0.5395962;0.06380293;0.0;0.0;0.12143859;0.0;0.0;1182.6661;154.02173;0.98869973;0.6159719;0.14261271;1010.13995;159.39304;0.9294056;0.5261146;0.14758614;1314.6453;323.01318;0.9794496;0.6847111;0.29908627;1004.356;290.86154;0.80667037;0.5231021;0.26931626;1248.7864;487.0509;0.96841407;0.6504096;0.45097306;883.56995;363.03723;0.80154145;0.46019268;0.33614558;1208.136;485.2458;0.9879802;0.6292375;0.44930166;1088.4594;471.95062;0.9734606;0.5669059;0.4369913;1237.728;713.5199;0.9439652;0.64465004;0.6606666;1029.4379;668.00543;0.8872304;0.53616554;0.61852354;1259.5859;877.8642;0.67506903;0.65603435;0.81283724;1037.4164;850.3097;0.5946858;0.54032105;0.7873238
0.9449573;1074.5;343.0;545.0;680.0;0.5596354;0.3175926;0.28385416;0.6296296;947.72046;117.6199;0.9361362;0.4936044;0.10890732;960.2865;94.042145;0.9333558;0.5001492;0.08707606;941.5629;97.676926;0.61623627;0.49039736;0.0904416;1037.4883;68.61985;0.8817368;0.5403585;0.0635369;0.0;0.0;0.11817292;0.0;0.0;1184.532;153.56071;0.98876756;0.6169437;0.14218585;1008.16864;160.86154;0.9273281;0.52508783;0.14894587;1315.2249;323.04135;0.97999907;0.68501294;0.29911235;1001.6131;296.61002;0.8026521;0.5216735;0.2746389;1250.5493;485.12933;0.9691618;0.6513278;0.44919384;881.5142;372.01218;0.79887635;0.459122;0.34445572;1209.0219;483.30872;0.98813105;0.6296989;0.44750807;1086.849;471.33875;0.97326034;0.56606716;0.43642476;1239.298;711.8791;0.94413984;0.6454677;0.6591473;1027.9634;670.645;0.88558143;0.5353976;0.6209676;1257.0399;873.8983;0.6754275;0.65470827;0.8091651;1036.7693;851.7554;0.590985;0.539984;0.7886624
0.9420757;1071.0;343.5;552.0;681.0;0.5578125;0.31805557;0.2875;0.63055557;947.45825;115.125595;0.93372065;0.49346784;0.106597774;959.9038;91.58979;0.92999697;0.4999499;0.08480536;941.83246;95.255905;0.6044063;0.49053773;0.08819991;1037.278;66.78948;0.87909985;0.54024893;0.061842114;0.0;0.0;0.115510054;0.0;0.0;1185.1967;151.48343;0.98889065;0.6172899;0.14026244;1006.6522;161.63528;0.92960966;0.524298;0.1496623;1314.7642;320.06516;0.9805942;0.684773;0.29635662;993.77014;305.0388;0.8099034;0.5175886;0.2824433;1252.0426;481.3064;0.97006994;0.6521055;0.44565406;871.47705;386.31674;0.805493;0.4538943;0.35770068;1211.1206;479.22345;0.98872805;0.63079196;0.4437254;1087.9583;468.4176;0.9747619;0.5666449;0.43372;1240.3676;708.7498;0.9462966;0.64602476;0.6562498;1028.5022;668.07684;0.8899392;0.5356782;0.6185897;1257.113;871.24207;0.68229467;0.65474635;0.8067056;1035.1202;849.9384;0.59911305;0.53912514;0.78698003
0.92385405;1058.5;343.5;577.0;681.0;0.5513021;0.31805557;0.30052084;0.63055557;948.94775;115.57764;0.9373733;0.49424362;0.10701633;961.72833;91.37986;0.93159264;0.50090015;0.084610984;942.141;95.591835;0.6215285;0.49069843;0.08851096;1038.5286;65.1156;0.8770383;0.5409003;0.06029222;0.0;0.0;0.12167994;0.0;0.0;1185.763;151.12834;0.98941886;0.6175849;0.13993365;1004.066;163.9144;0.935517;0.522951;0.15177259;1314.5776;319.22266;0.9812325;0.6846759;0.29557654;988.781;310.79492;0.82329684;0.5149901;0.28777307;1253.1449;479.95593;0.971032;0.6526796;0.44440365;862.4386;398.9404;0.81700385;0.44918677;0.36938927;1212.3712;478.71667;0.98993754;0.6314433;0.44325617;1087.6414;469.12418;0.9779378;0.56647986;0.43437424;1240.978;708.0188;0.9536688;0.6463427;0.65557295;1027.5641;669.81244;0.90572554;0.5351896;0.6201967;1257.2969;877.47546;0.7129839;0.65484214;0.8124773;1032.7578;857.4127;0.6351348;0.53789467;0.79390067
0.940464;1061.5;343.5;571.0;681.0;0.5528646;0.31805557;0.29739583;0.63055557;950.83777;114.89754;0.94142735;0.495228;0.10638661;964.46484;90.72677;0.9352232;0.5023254;0.084006265;943.5119;94.37723;0.6433532;0.49141246;0.087386325;1041.9346;64.05725;0.8763619;0.54267424;0.05931227;0.0;0.0;0.12770794;0.0;0.0;1186.9429;150.42238;0.98914415;0.6181994;0.13927998;1002.4707;163.73264;0.9358922;0.5221202;0.1516043;1314.437;318.12418;0.9801931;0.6846026;0.29455942;985.72314;315.88324;0.8209281;0.51339746;0.2924845;1253.6385;477.6176;0.96988195;0.65293676;0.44223854;859.6628;410.14215;0.8156864;0.44774103;0.37976125;1212.5568;476.2413;0.98927003;0.63154;0.44096416;1086.429;466.9135;0.9768469;0.5658484;0.43232733;1242.2465;705.3389;0.9525575;0.64700335;0.6530916;1028.8967;666.253;0.90485483;0.5358837;0.6169009;1257.9578;875.9037;0.7112779;0.65518636;0.8110219;1032.3958;856.603;0.6349796;0.53770614;0.79315096
0.9389728;1056.5;343.5;579.0;681.0;0.5502604;0.31805557;0.3015625;0.63055557;953.3511;113.87549;0.9441019;0.49653703;0.10544027;967.49207;89.61214;0.93888646;0.50390214;0.0829742;945.29974;92.70332;0.65312254;0.4923436;0.08583641;1044.9963;61.377594;0.8789266;0.5442689;0.056831107;0.0;0.0;0.12753204;0.0;0.0;1188.1486;147.2282;0.9892519;0.6188274;0.13632241;999.7417;162.36041;0.93260276;0.5206988;0.15033372;1313.5419;317.42722;0.98054266;0.6841364;0.29391408;982.0167;321.12985;0.8080944;0.51146704;0.29734245;1254.0867;477.5755;0.9702832;0.65317017;0.44219953;852.6194;420.41245;0.80540687;0.4440726;0.38927078;1213.91;472.94568;0.98874235;0.6322448;0.43791267;1085.5681;465.30972;0.9748537;0.56540006;0.43084234;1242.9845;703.45984;0.9508116;0.64738774;0.6513517;1028.7324;669.7179;0.89806867;0.53579813;0.62010914;1258.1965;871.3916;0.7025502;0.6553107;0.80684406;1034.7048;859.2223;0.61791044;0.5389088;0.7955762
0.9418972;1056.5;343.5;579.0;681.0;0.5502604;0.31805557;0.3015625;0.63055557;957.386;112.71863;0.95090693;0.49863854;0.1043691;972.5862;87.95764;0.94352573;0.5065553;0.08144226;947.7394;91.07137;0.68925077;0.49361426;0.08432534;1049.2393;59.268265;0.87860703;0.5464788;0.054878023;0.0;0.0;0.1442114;0.0;0.0;1188.9927;147.7085;0.99014634;0.61926705;0.13676712;998.1786;163.965;0.94176173;0.5198847;0.15181944;1313.8591;317.57764;0.9812832;0.6843016;0.29405338;978.26416;326.19547;0.8276831;0.5095126;0.30203283;1256.0033;475.39136;0.9714829;0.65416837;0.44017717;849.9265;429.01196;0.82283235;0.44267005;0.3972333;1213.7822;474.52817;0.9895313;0.63217825;0.43937793;1084.6589;467.2306;0.9773337;0.5649265;0.4326209;1241.7966;701.17444;0.95474637;0.6467691;0.6492356;1029.3257;666.7868;0.90820587;0.5361071;0.61739516;1254.4614;870.67346;0.7207219;0.6533653;0.8061791;1030.3877;856.66406;0.64200383;0.53666025;0.79320747
0.9270019;1040.0;343.0;612.0;680.0;0.5416667;0.3175926;0.31875;0.6296296;956.9387;110.72955;0.94590735;0.49840558;0.102527365;972.35864;86.39072;0.93653077;0.50643677;0.07999141;948.65015;88.891045;0.6627877;0.49408862;0.08230652;1049.7773;59.366776;0.8724966;0.546759;0.054969236;0.0;0.0;0.1366854;0.0;0.0;1188.9873;146.72086;0.99009526;0.61926425;0.13585265;998.73425;164.69867;0.9447254;0.5201741;0.15249877;1313.0205;316.37823;0.9819564;0.68386483;0.29294282;973.7075;332.02124;0.84180933;0.5071393;0.30742708;1256.6007;474.82553;0.9725161;0.65447956;0.43965328;838.7427;438.75504;0.83420146;0.43684515;0.40625465;1214.9401;472.52252;0.9905178;0.63278127;0.43752086;1086.268;466.19632;0.97997904;0.56576455;0.43166324;1240.1082;700.76013;0.9575021;0.64588964;0.648852;1028.0972;668.8176;0.9152123;0.53546727;0.61927557;1253.2559;865.3317;0.7312929;0.65273744;0.80123305;1026.893;857.49866;0.6567603;0.53484005;0.79398024
0.9446847;1053.0;343.0;586.0;680.0;0.5484375;0.3175926;0.30520833;0.6296296;960.6477;109.90361;0.9561855;0.50033736;0.1017626;976.90356;85.701096;0.9485502;0.50880396;0.07935286;951.37964;87.59711;0.71664;0.49551022;0.081108436;1053.8939;58.81183;0.8827455;0.5489031;0.054455396;0.0;0.0;0.15567051;0.0;0.0;1189.5046;146.06067;0.9905158;0.61953366;0.13524136;996.4464;164.12627;0.9467081;0.5189825;0.15196876;1312.2625;316.83533;0.98135626;0.68347;0.29336604;972.7107;334.5807;0.8350094;0.50662017;0.30979693;1257.1542;474.39963;0.97149754;0.6547678;0.4392589;841.7976;444.57248;0.8272458;0.43843624;0.41164118;1214.7933;470.8298;0.98934096;0.63270485;0.43595353;1084.2389;465.31818;0.9773966;0.56470776;0.43085018;1240.3236;698.5841;0.95277905;0.6460019;0.6468371;1028.4713;668.67615;0.9057316;0.5356621;0.61914456;1255.8031;861.52313;0.70974284;0.6540641;0.7977066;1031.1807;856.7411;0.6302925;0.53707325;0.7932788
0.9524316;1052.5;343.0;585.0;682.0;0.54817706;0.3175926;0.3046875;0.63148147;965.001;109.12491;0.962647;0.50260466;0.101041585;981.4748;84.40931;0.95618653;0.5111848;0.07815677;954.32245;86.98698;0.7533768;0.49704295;0.080543496;1056.8512;57.31874;0.8900715;0.55044335;0.053072907;0.0;0.0;0.17144199;0.0;0.0;1190.8215;146.15027;0.9908823;0.6202195;0.13532433;994.73145;166.67409;0.9473409;0.5180893;0.15432785;1312.0442;316.95438;0.98117375;0.68335634;0.29347628;970.0293;339.09882;0.82694167;0.5052236;0.31398037;1256.0482;473.89664;0.97108835;0.6541918;0.43879318;840.9472;450.84238;0.8199237;0.43799335;0.41744664;1216.5297;471.9544;0.9884013;0.6336092;0.43699482;1083.6835;467.87;0.9749806;0.5644185;0.43321297;1242.6704;697.8606;0.94909036;0.6472242;0.6461672;1027.0903;671.00024;0.8966739;0.53494287;0.6212965;1258.9442;863.9188;0.6923635;0.6557001;0.79992485;1030.0266;858.468;0.6065613;0.5364722;0.79487777
0.9516055;1051.5;343.5;587.0;683.0;0.54765624;0.31805557;0.30572918;0.6324074;968.7966;109.100555;0.9638514;0.5045816;0.10101903;985.1413;84.012955;0.9563002;0.5130944;0.077789776;957.2317;87.23758;0.7649295;0.49855816;0.08077554;1059.2795;56.490967;0.8899799;0.5517081;0.05230645;0.0;0.0;0.186832;0.0;0.0;1193.0454;144.02304;0.9915337;0.6213778;0.13335466;991.79944;167.66907;0.9536297;0.5165622;0.15524913;1309.438;314.75583;0.98199505;0.68199897;0.29144058;963.78955;345.7595;0.84150285;0.50197375;0.32014766;1257.9899;470.44574;0.97137815;0.65520304;0.4355979;836.4926;460.09048;0.82775104;0.43567324;0.4260097;1216.605;472.88556;0.9892525;0.63364846;0.437857;1080.8743;470.2479;0.97719234;0.5629553;0.43541473;1241.5391;699.2013;0.9498551;0.64663494;0.6474086;1025.942;673.96454;0.8992335;0.5343448;0.62404126;1252.4695;863.72736;0.6918357;0.65232784;0.7997475;1036.3015;857.1817;0.60743773;0.5397404;0.79368675
0.95186335;1050.5;343.5;587.0;683.0;0.5471354;0.31805557;0.30572918;0.6324074;969.4224;110.72564;0.9595093;0.5049075;0.10252374;984.98364;85.5981;0.95171505;0.5130123;0.079257496;958.4669;88.98239;0.73619497;0.4992015;0.082391106;1059.4092;57.0748;0.8866136;0.55177563;0.052847035;0.0;0.0;0.17011252;0.0;0.0;1194.8746;144.6885;0.99158996;0.62233055;0.13397084;992.8314;169.17572;0.95078105;0.5170997;0.15664418;1308.7815;315.38223;0.98329437;0.681657;0.2920206;960.31104;348.98886;0.83768517;0.500162;0.32313782;1257.8418;469.02457;0.9733532;0.6551259;0.434282;835.8451;462.7776;0.82670563;0.435336;0.42849776;1217.1615;472.9688;0.98991966;0.63393825;0.43793407;1081.3411;471.00128;0.97774;0.56319845;0.43611228;1242.199;698.9662;0.9521981;0.6469786;0.6471909;1026.2148;676.339;0.9002323;0.5344869;0.6262398;1251.264;862.8645;0.7001979;0.6517;0.7989486;1035.3251;858.5266;0.61070544;0.53923184;0.79493207
0.9531297;1047.0;343.0;594.0;682.0;0.5453125;0.3175926;0.309375;0.63148147;970.901;110.64061;0.961224;0.5056776;0.10244501;986.7157;85.35397;0.9532674;0.5139144;0.07903146;959.6941;88.45294;0.74375653;0.49984068;0.08190087;1061.9183;55.970398;0.8877692;0.55308247;0.051824443;0.0;0.0;0.17325377;0.0;0.0;1196.7833;144.76195;0.99183923;0.62332463;0.13403884;993.37695;168.49268;0.95280117;0.5173838;0.15601173;1308.533;315.3742;0.98369306;0.68152755;0.29201317;957.785;349.7439;0.8427093;0.49884635;0.32383695;1258.4755;467.96732;0.9741455;0.65545595;0.43330306;833.9546;466.74866;0.8321791;0.43435135;0.43217468;1217.689;472.6662;0.9899977;0.63421303;0.4376539;1081.5009;470.1255;0.97803473;0.5632817;0.43530136;1241.2688;698.2106;0.9518816;0.64649415;0.6464913;1025.7527;673.89996;0.89990824;0.5342462;0.6239815;1248.9795;859.65955;0.69786966;0.65051013;0.79598105;1033.6362;853.64075;0.6087308;0.5383522;0.7904081
0.95371085;1045.5;344.0;595.0;682.0;0.5445312;0.31851852;0.30989584;0.63148147;975.7302;109.92778;0.96678734;0.50819284;0.10178498;991.7009;84.09247;0.9581304;0.5165109;0.077863395;962.92;88.37327;0.78564566;0.5015208;0.0818271;1063.9258;55.32834;0.88821924;0.554128;0.051229943;0.0;0.0;0.2059815;0.0;0.0;1196.1161;144.61966;0.9918727;0.62297714;0.1339071;991.3706;171.10469;0.95823306;0.5163389;0.15843026;1307.6758;314.80267;0.98229563;0.6810811;0.29148397;954.7449;353.11737;0.8526894;0.49726295;0.32696053;1258.9966;465.70322;0.97189283;0.6557274;0.43120667;830.85315;469.9682;0.83782995;0.432736;0.43515575;1218.3484;470.8656;0.9893693;0.6345565;0.43598667;1081.1112;470.02875;0.9779764;0.56307876;0.4352118;1241.4512;696.04596;0.9495179;0.64658916;0.644487;1025.7794;674.98254;0.90001655;0.5342601;0.62498385;1250.5295;862.4262;0.6878823;0.6513175;0.7985428;1033.6531;855.12213;0.60428023;0.53836095;0.79177976
0.95317554;1045.5;344.5;593.0;683.0;0.5445312;0.31898147;0.30885416;0.6324074;974.6736;110.00578;0.9625137;0.5076425;0.10185721;990.8065;84.7511;0.9543495;0.51604503;0.07847324;963.169;88.06508;0.75129956;0.5016505;0.08154174;1064.9708;56.914856;0.8897035;0.5546723;0.05269894;0.0;0.0;0.18115774;0.0;0.0;1197.5415;145.6545;0.99239165;0.6237195;0.13486527;991.6408;172.107;0.955425;0.5164796;0.15935832;1306.6271;315.38348;0.98472494;0.68053496;0.29202175;952.3024;354.75375;0.8475896;0.49599084;0.32847568;1257.4993;469.47263;0.97541547;0.6549475;0.43469688;830.50256;471.64795;0.836229;0.4325534;0.43671107;1218.76;468.868;0.9903951;0.6347708;0.43413705;1081.1849;468.32886;0.978625;0.56311715;0.43363783;1241.1785;692.00665;0.95281565;0.6464471;0.6407469;1026.3317;672.5962;0.9001904;0.53454775;0.62277424;1245.6792;851.27844;0.70187145;0.64879125;0.78822076;1033.1077;848.5007;0.6096339;0.53807694;0.78564876
0.9530445;1045.0;344.0;592.0;682.0;0.5442708;0.31851852;0.30833334;0.63148147;979.1538;109.27409;0.9669024;0.50997597;0.10117972;996.14856;83.787964;0.95802516;0.5188274;0.07758145;966.3262;87.16747;0.78499126;0.5032949;0.08071062;1068.5989;56.03842;0.88667136;0.5565619;0.051887427;0.0;0.0;0.20531869;0.0;0.0;1197.2222;145.11633;0.99201035;0.6235532;0.13436697;990.05347;172.24635;0.95830184;0.51565284;0.15948737;1305.7554;315.13812;0.9829692;0.68008095;0.29179457;949.68164;356.24268;0.8535444;0.49462587;0.32985434;1258.0336;467.1797;0.9731664;0.6552258;0.4325738;829.4413;472.1939;0.8412855;0.43200067;0.43721658;1220.6348;467.00674;0.9895539;0.63574725;0.43241364;1082.1243;467.3789;0.9781066;0.5636064;0.43275824;1240.9143;690.9407;0.95092297;0.64630955;0.6397599;1026.5671;673.12836;0.9013632;0.5346704;0.623267;1248.4559;854.7343;0.6953732;0.65023744;0.79142064;1030.4644;852.7513;0.6094088;0.5367002;0.7895845
0.95324147;1044.5;344.0;589.0;684.0;0.5440104;0.31851852;0.30677083;0.6333333;980.01733;107.00633;0.9702622;0.5104257;0.09907994;997.3898;81.39537;0.9621399;0.51947385;0.07536609;967.1578;84.8497;0.80378956;0.50372803;0.07856454;1069.691;55.244476;0.8926297;0.55713075;0.051152293;0.0;0.0;0.21900095;0.0;0.0;1196.9946;145.94669;0.9924706;0.6234347;0.13513581;989.463;174.43845;0.9605599;0.51534534;0.16151708;1304.704;315.20862;0.98327684;0.6795333;0.29185984;947.738;359.19592;0.8553068;0.49361354;0.33258882;1256.9418;467.91736;0.9735598;0.6546572;0.4332568;829.3187;472.7271;0.8432755;0.43193683;0.4377103;1221.6069;465.01666;0.98941165;0.6362536;0.430571;1082.8748;466.27454;0.977769;0.56399727;0.4317357;1240.1328;689.0259;0.95030236;0.6459025;0.6379869;1026.3691;672.8556;0.8998241;0.53456724;0.62301445;1246.1035;853.4791;0.69086105;0.64901227;0.79025847;1027.2264;852.08954;0.60344917;0.5350138;0.7889718
0.95376223;1045.0;343.5;586.0;683.0;0.5442708;0.31805557;0.30520833;0.6324074;982.9164;105.95737;0.97706723;0.5119356;0.09810867;1001.22345;80.18813;0.9699452;0.52147055;0.07424827;968.8529;83.40257;0.8473027;0.5046109;0.077224605;1072.6648;54.809967;0.9016055;0.5586796;0.05074997;0.0;0.0;0.25909713;0.0;0.0;1196.4551;146.09128;0.993185;0.6231537;0.1352697;987.5321;175.68472;0.96621335;0.5143396;0.16267104;1303.5085;314.37146;0.9832282;0.6789107;0.29108468;946.67114;361.04544;0.8645421;0.49305788;0.33430132;1256.7825;467.23523;0.9733776;0.6545742;0.4326252;832.0099;470.0083;0.85117525;0.4333385;0.43519288;1222.8278;464.87897;0.98901373;0.63688946;0.4304435;1083.1501;467.11646;0.97759753;0.5641407;0.43251523;1239.9789;688.11597;0.94791424;0.64582235;0.6371444;1027.077;673.27313;0.8977609;0.53493595;0.62340105;1245.7434;851.1896;0.6779967;0.6488247;0.7881385;1027.1466;850.849;0.5923669;0.5349722;0.78782314
0.95348907;1044.5;343.5;585.0;683.0;0.5440104;0.31805557;0.3046875;0.6324074;986.42926;106.24148;0.97841454;0.5137652;0.09837174;1005.34534;80.65842;0.9705874;0.5236174;0.07468372;971.6792;83.28646;0.8606631;0.5060829;0.07711709;1074.9021;54.82599;0.89572316;0.55984485;0.050764803;0.0;0.0;0.2792569;0.0;0.0;1195.4558;145.5057;0.99287486;0.6226332;0.13472751;985.963;173.35562;0.9671541;0.5135224;0.16051446;1302.4036;315.48883;0.9820223;0.6783352;0.2921193;944.9434;359.87695;0.86869925;0.49215803;0.3332194;1257.7715;466.38702;0.9721399;0.6550893;0.43183982;832.9627;468.70312;0.856964;0.43383473;0.43398437;1223.4144;458.5011;0.9884405;0.637195;0.42453805;1083.5635;460.7632;0.9773786;0.56435597;0.4266326;1240.1919;684.1201;0.9481683;0.6459333;0.63344455;1028.5055;669.4468;0.9018051;0.53567994;0.61985815;1245.3907;850.99164;0.68181574;0.648641;0.7879552;1023.0867;851.9651;0.60164434;0.53285766;0.78885657
0.9529123;1047.5;343.5;577.0;683.0;0.54557294;0.31805557;0.30052084;0.6324074;988.43066;106.533875;0.9795154;0.51480764;0.098642476;1007.28455;80.50369;0.97172654;0.5246274;0.07454046;973.06177;83.72781;0.86880267;0.506803;0.07752575;1076.6027;54.381775;0.897099;0.5607306;0.050353494;0.0;0.0;0.2927413;0.0;0.0;1196.5303;145.64468;0.99301624;0.62319285;0.1348562;986.0261;174.74658;0.969188;0.5135553;0.1618024;1300.7393;315.8486;0.9818763;0.67746836;0.2924524;943.69775;361.29327;0.8738088;0.49150926;0.3345308;1257.0208;468.79294;0.97171074;0.6546983;0.43406755;833.70715;465.5885;0.8604806;0.4342225;0.43110046;1223.6018;459.84332;0.9884638;0.6372926;0.42578086;1083.0603;462.69318;0.9778071;0.5640939;0.42841962;1240.4667;685.1841;0.9470671;0.6460764;0.6344297;1028.1348;671.26685;0.9012173;0.5354869;0.62154335;1245.6238;851.7486;0.6755564;0.6487624;0.7886561;1024.309;851.0764;0.5971174;0.53349423;0.7880337
0.9529027;1049.0;343.5;572.0;683.0;0.5463542;0.31805557;0.29791668;0.6324074;991.0486;106.22397;0.97998285;0.51617116;0.098355524;1009.9015;79.815834;0.97190833;0.52599037;0.07390355;974.8405;83.40564;0.8723768;0.5077294;0.07722744;1078.1053;52.998093;0.89630747;0.5615132;0.049072307;0.0;0.0;0.30218282;0.0;0.0;1196.9335;145.17929;0.9932765;0.62340283;0.13442527;985.2644;175.43326;0.97076976;0.51315856;0.1624382;1299.1938;316.90527;0.9824393;0.67666346;0.2934308;942.7794;362.49103;0.8790254;0.49103096;0.33563983;1256.1633;470.52283;0.97239584;0.65425175;0.43566927;836.86;461.45776;0.8656076;0.43586457;0.42727572;1224.4578;461.01663;0.9889176;0.6377384;0.42686725;1083.3917;464.89508;0.9787531;0.5642665;0.4304584;1240.0537;684.1126;0.9483782;0.6458613;0.6334376;1028.417;673.26605;0.90373087;0.53563386;0.6233945;1244.2865;850.07007;0.6803362;0.64806587;0.7871019;1025.6744;850.8814;0.60186225;0.53420544;0.7878532
0.95146084;1050.5;343.5;567.0;683.0;0.5471354;0.31805557;0.2953125;0.6324074;994.2878;108.26056;0.98099947;0.5178582;0.10024126;1013.1885;81.62567;0.9730469;0.52770233;0.07557932;977.23804;85.36606;0.88052624;0.5089781;0.07904264;1080.625;53.09761;0.8944653;0.5628255;0.049164455;0.0;0.0;0.31221798;0.0;0.0;1197.8396;145.31671;0.9930201;0.6238748;0.13455251;986.3257;174.25711;0.970199;0.5137113;0.16134918;1298.571;318.32312;0.98153126;0.6763391;0.29474363;943.2162;359.7725;0.87628585;0.49125844;0.33312267;1257.0265;471.44522;0.97130954;0.6547013;0.43652335;837.4874;458.83875;0.86382186;0.43619138;0.4248507;1224.4136;462.84186;0.98801863;0.6377154;0.42855728;1083.4778;466.35364;0.97726405;0.5643113;0.43180892;1241.5354;683.90515;0.94546044;0.646633;0.6332455;1029.3073;673.2534;0.8993954;0.5360975;0.6233828;1246.2163;850.99347;0.67093736;0.649071;0.7879569;1024.9346;850.79315;0.592301;0.5338201;0.78777146
0.95102894;1050.5;343.5;565.0;683.0;0.5471354;0.31805557;0.29427084;0.6324074;998.34357;108.88907;0.98346776;0.5199706;0.10082321;1017.507;81.25099;0.97473234;0.5299516;0.0752324;979.12866;86.22718;0.90114063;0.50996286;0.07983998;1083.0057;51.14511;0.88972354;0.5640655;0.047356583;0.0;0.0;0.35949355;0.0;0.0;1198.8607;144.45596;0.99306834;0.62440664;0.13375552;985.5496;174.24559;0.97526145;0.5133071;0.16133851;1298.9869;320.58612;0.98011935;0.6765557;0.296839;943.6804;359.4929;0.8952416;0.49150023;0.33286378;1255.206;473.52808;0.9697759;0.65375316;0.43845192;844.4199;450.13522;0.8816594;0.43980205;0.4167919;1225.9851;465.57782;0.9878841;0.6385339;0.43109056;1084.0066;469.32538;0.97905934;0.56458676;0.43456054;1242.7717;683.5854;0.9443491;0.64727694;0.6329494;1030.8096;672.74585;0.9055826;0.53687996;0.6229128;1244.9849;853.0175;0.66759354;0.64842963;0.78983104;1022.84644;848.18243;0.601985;0.53273255;0.7853541
0.9493671;1052.0;344.0;560.0;684.0;0.54791665;0.31851852;0.29166666;0.6333333;1000.55457;108.40004;0.9829531;0.52112216;0.10037041;1019.8208;81.03472;0.97402;0.53115666;0.07503215;981.50446;85.7631;0.89971423;0.51120025;0.07941028;1085.4761;51.450623;0.8867754;0.56535214;0.047639467;0.0;0.0;0.35788962;0.0;0.0;1200.2026;144.79291;0.992611;0.62510556;0.1340675;986.6758;173.49655;0.97412217;0.51389366;0.16064495;1299.2823;320.98438;0.9788503;0.67670953;0.29720774;944.4075;356.5008;0.8917314;0.4918789;0.33009332;1256.665;473.49994;0.9681732;0.65451306;0.43842587;847.3222;445.97693;0.8783668;0.44131365;0.4129416;1225.7257;464.9544;0.9871291;0.6383988;0.43051335;1083.6414;468.7868;0.9779699;0.56439656;0.43406186;1242.7742;681.8458;0.9423074;0.6472782;0.6313387;1031.365;673.22754;0.90327775;0.5371693;0.62335885;1245.296;851.354;0.6634853;0.6485917;0.78829074;1024.3177;850.07245;0.59842277;0.5334988;0.7871041
0.94851017;1052.5;344.0;557.0;684.0;0.54817706;0.31851852;0.29010418;0.6333333;1002.84644;109.268555;0.98270273;0.52231586;0.101174586;1022.22015;82.1575;0.97397125;0.53240633;0.07607176;983.8739;86.3505;0.8965613;0.5124343;0.07995417;1087.8729;52.07689;0.8882585;0.5666005;0.04821934;0.0;0.0;0.34975347;0.0;0.0;1201.6454;145.56477;0.99284184;0.625857;0.1347822;987.8861;173.30168;0.9734408;0.51452404;0.16046453;1298.7844;321.21887;0.9799729;0.6764502;0.29742488;945.0507;355.81567;0.8883938;0.4922139;0.32945895;1256.2396;473.4145;0.96955764;0.65429145;0.43834674;850.02686;442.26105;0.875939;0.44272232;0.40950096;1225.6469;466.80432;0.98741597;0.63835776;0.4322262;1083.6444;470.25275;0.97768277;0.5643981;0.4354192;1244.2106;681.91626;0.9428732;0.64802635;0.6314039;1032.8129;671.9071;0.90119094;0.5379234;0.62213624;1246.4973;849.0421;0.66527224;0.64921737;0.7861501;1027.4457;847.057;0.59549856;0.53512794;0.78431207
0.9472853;1054.5;344.0;551.0;684.0;0.5492188;0.31851852;0.28697917;0.6333333;1005.76227;108.42375;0.9825951;0.5238345;0.100392364;1024.7654;81.314964;0.9740872;0.533732;0.07529163;986.7887;85.91032;0.89734876;0.51395243;0.079546586;1090.0322;51.994354;0.88949794;0.5677251;0.04814292;0.0;0.0;0.35420126;0.0;0.0;1203.4668;145.25266;0.9926347;0.6268056;0.1344932;988.9601;174.03226;0.9728655;0.5150834;0.16114098;1297.2386;320.03104;0.9791868;0.6756451;0.29632503;944.3263;355.685;0.8840423;0.4918366;0.32933795;1257.424;472.00848;0.96794206;0.6549083;0.4370449;850.49963;437.29797;0.86974907;0.44296855;0.40490553;1225.1787;469.3731;0.9864994;0.6381139;0.43460473;1082.2732;473.57166;0.9759413;0.5636839;0.43849227;1245.6554;682.8657;0.93702924;0.64877886;0.6322831;1031.6123;675.087;0.8910371;0.5372981;0.6250805;1247.4299;847.3899;0.64321685;0.6497031;0.7846203;1030.4672;846.2218;0.570558;0.5367016;0.7835387
0.9444964;1057.5;343.5;543.0;683.0;0.55078125;0.31805557;0.2828125;0.6324074;1006.6056;105.887375;0.98418313;0.52427375;0.09804387;1026.2341;79.47876;0.97683346;0.53449696;0.07359144;988.0032;83.29184;0.904934;0.51458496;0.07712208;1091.1835;52.669144;0.8963591;0.56832474;0.048767727;0.0;0.0;0.36299253;0.0;0.0;1201.8883;145.03642;0.99311197;0.6259835;0.13429299;989.0178;172.61465;0.97268754;0.5151135;0.15982838;1295.3833;319.7745;0.9801908;0.6746788;0.2960875;945.57983;351.64975;0.87953496;0.4924895;0.3256016;1257.178;475.41055;0.9691263;0.6547802;0.44019496;856.26965;429.35004;0.8669279;0.44597378;0.39754632;1225.0995;467.93518;0.9865876;0.63807267;0.43327332;1082.657;472.24847;0.9752408;0.56388384;0.4372671;1245.6873;681.135;0.9387951;0.6487954;0.63068056;1032.6216;673.9945;0.89082265;0.53782374;0.624069;1247.8589;848.1953;0.6491389;0.6499265;0.78536606;1027.7675;849.16187;0.57157564;0.53529555;0.78626096
0.94263405;1060.5;343.5;537.0;683.0;0.5523437;0.31805557;0.2796875;0.6324074;1008.7033;105.42959;0.9845355;0.5253663;0.09761999;1028.9254;79.023285;0.9773949;0.5358986;0.07316971;989.8783;82.456924;0.90812945;0.51556164;0.076349005;1094.0642;52.72403;0.89717937;0.5698251;0.048818547;0.0;0.0;0.36936516;0.0;0.0;1203.4371;146.944;0.9929289;0.62679017;0.13605925;988.97205;172.711;0.9724628;0.51508963;0.1599176;1297.2135;325.18378;0.97920406;0.67563206;0.30109608;945.98254;350.91385;0.876612;0.49269924;0.32492024;1255.1934;481.97424;0.9677796;0.65374655;0.44627243;856.39746;424.86044;0.8636554;0.44604033;0.39338928;1225.0068;467.0888;0.9856064;0.6380244;0.43248963;1081.9098;470.83786;0.9736468;0.5634947;0.43596098;1245.6917;680.3937;0.9350041;0.64879775;0.62999415;1033.824;672.92017;0.8852711;0.53845;0.62307423;1248.2717;845.78705;0.63635117;0.65014154;0.7831361;1031.0466;846.9633;0.5592376;0.53700346;0.7842253
0.94302434;1060.5;343.5;535.0;683.0;0.5523437;0.31805557;0.27864584;0.6324074;1012.7943;105.88305;0.9870366;0.52749705;0.09803986;1033.1674;79.0768;0.98019916;0.538108;0.073219255;992.63525;82.74541;0.92397517;0.5169975;0.076616116;1096.1865;51.53508;0.8998676;0.5709305;0.047717668;0.0;0.0;0.409819;0.0;0.0;1202.7786;146.24179;0.99356294;0.62644714;0.13540907;988.7489;172.59918;0.9761786;0.5149734;0.15981406;1296.4711;323.9261;0.9799226;0.67524534;0.29993156;946.464;349.47662;0.887926;0.49295;0.32358947;1255.1606;483.66742;0.96880317;0.6537295;0.4478402;860.5991;418.47723;0.8748982;0.44822872;0.38747892;1224.8705;467.79968;0.9859162;0.6379534;0.43314785;1082.3007;472.2533;0.9748181;0.56369823;0.43727157;1247.221;677.0661;0.9350558;0.64959425;0.6269131;1035.5769;670.9913;0.8876805;0.53936297;0.62128824;1249.3588;840.97577;0.6356739;0.65070766;0.7786813;1030.4243;841.6485;0.561109;0.5366793;0.77930415
0.94233775;1062.0;343.5;530.0;683.0;0.553125;0.31805557;0.27604166;0.6324074;1014.69196;105.67374;0.9857766;0.5284854;0.09784605;1035.0957;79.40245;0.9786446;0.5391123;0.07352079;995.4166;82.36356;0.9156439;0.51844615;0.076262556;1098.2773;52.366516;0.8966884;0.57201946;0.048487514;0.0;0.0;0.38808325;0.0;0.0;1203.5326;146.03381;0.99330974;0.6268399;0.13521649;990.6923;172.27043;0.9739431;0.5159856;0.15950966;1296.0049;322.08203;0.9801947;0.6750025;0.2982241;946.7007;349.36487;0.88094866;0.49307328;0.323486;1257.03;479.77094;0.96931577;0.65470314;0.44423234;862.16956;411.30353;0.86997694;0.44904664;0.3808366;1224.3213;465.10712;0.98579514;0.63766736;0.43065473;1082.4706;469.8172;0.97375846;0.56378675;0.43501592;1247.7048;675.3086;0.9353796;0.64984626;0.62528574;1036.1239;669.41956;0.885126;0.5396479;0.61983293;1250.1567;837.6213;0.6381209;0.6511233;0.7755753;1028.0297;840.50226;0.5589249;0.5354321;0.7782428
0.9416308;1062.0;343.5;528.0;683.0;0.553125;0.31805557;0.275;0.6324074;1016.8471;106.38451;0.9865334;0.5296079;0.09850417;1037.4607;79.70098;0.9797947;0.5403441;0.0737972;997.0183;82.59151;0.921962;0.5192804;0.076473616;1100.6466;51.484955;0.89725;0.57325345;0.047671255;0.0;0.0;0.40342027;0.0;0.0;1205.0774;146.72845;0.99301577;0.6276445;0.13585968;990.5096;172.02966;0.9737033;0.5158904;0.15928672;1294.6884;325.2661;0.97841907;0.6743168;0.30117232;946.7737;350.70053;0.8757172;0.49311128;0.3247227;1258.1884;479.32916;0.96658015;0.65530646;0.4438233;865.22644;403.89423;0.8638378;0.45063877;0.37397614;1224.9567;465.38077;0.9841787;0.6379983;0.4309081;1082.4365;469.8877;0.97116333;0.56376904;0.4350812;1247.2754;677.2875;0.9302911;0.6496226;0.62711805;1036.7114;670.2149;0.8779573;0.5399539;0.62056935;1248.868;841.51135;0.62076026;0.6504521;0.7791772;1032.4629;842.42395;0.54265416;0.53774107;0.7800222
0.94074833;1061.5;343.5;527.0;683.0;0.5528646;0.31805557;0.27447918;0.6324074;1019.36633;107.131485;0.9870515;0.53091997;0.09919582;1039.7229;80.2424;0.98045737;0.5415223;0.074298516;999.0465;83.59955;0.92485255;0.52033675;0.07740699;1102.2784;51.325012;0.89900815;0.57410336;0.04752316;0.0;0.0;0.411772;0.0;0.0;1205.1434;146.05449;0.99331796;0.6276789;0.13523564;992.09485;172.61438;0.9746763;0.51671606;0.15982813;1293.6257;325.9339;0.9791668;0.6737634;0.30179065;947.92694;351.1526;0.8777821;0.49371195;0.32514128;1258.0852;482.7268;0.96726215;0.6552527;0.44696927;865.2724;399.387;0.8649677;0.4506627;0.36980277;1223.4285;464.87067;0.98430866;0.6372023;0.4304358;1082.1307;470.18655;0.97113186;0.5636098;0.43535793;1247.1545;672.7363;0.92989296;0.6495597;0.622904;1038.6272;668.2941;0.8762927;0.54095167;0.61879086;1248.9175;834.234;0.62126976;0.6504778;0.7724389;1034.3628;835.9497;0.5411108;0.5387306;0.7740275
0.9368628;1064.0;343.5;522.0;683.0;0.5541667;0.31805557;0.271875;0.6324074;1020.14154;106.9143;0.9864628;0.53132373;0.098994724;1040.7219;80.481995;0.9798963;0.5420427;0.074520364;1000.4136;83.08193;0.9196115;0.5210487;0.076927714;1104.0781;52.081604;0.9001908;0.5750407;0.048223708;0.0;0.0;0.3958841;0.0;0.0;1206.2838;145.54764;0.9934587;0.62827283;0.13476633;992.9623;171.65155;0.97422534;0.51716787;0.15893662;1293.3674;327.14886;0.9802562;0.67362887;0.3029156;947.8772;350.44604;0.87666404;0.49368605;0.3244871;1257.6858;488.14957;0.9685761;0.6550447;0.45199034;866.249;391.72882;0.8639702;0.45117137;0.36271188;1223.2063;465.10757;0.9849761;0.63708663;0.43065515;1081.5576;470.4126;0.97161037;0.5633113;0.43556723;1247.4917;673.2768;0.93106055;0.6497353;0.62340444;1038.4392;668.8203;0.87558657;0.54085374;0.6192781;1250.2917;830.62775;0.62344867;0.6511936;0.7690998;1035.1897;834.87085;0.539874;0.5391613;0.77302855
0.9377212;1064.0;343.5;520.0;683.0;0.5541667;0.31805557;0.27083334;0.6324074;1024.0765;108.26523;0.98683226;0.5333732;0.10024558;1044.502;81.55998;0.97989196;0.5440114;0.075518504;1003.662;84.56788;0.9230578;0.5227406;0.07830359;1106.4258;52.08513;0.8983261;0.5762634;0.04822697;0.0;0.0;0.41191986;0.0;0.0;1207.0146;145.22433;0.99363106;0.62865347;0.13446698;993.7502;171.81433;0.97617674;0.51757824;0.15908735;1292.6664;329.46704;0.9805031;0.6732637;0.3050621;948.298;351.8216;0.88447917;0.4939052;0.32576072;1258.0273;492.0096;0.96863794;0.6552226;0.45556447;865.43384;387.85883;0.8700318;0.4507468;0.35912853;1222.8757;463.39844;0.9854542;0.63691443;0.42907262;1081.5643;469.09387;0.973041;0.56331474;0.43434617;1247.3352;670.9377;0.9322391;0.64965373;0.6212386;1038.9634;667.3922;0.87947;0.5411268;0.61795574;1250.0156;827.4418;0.62726855;0.6510498;0.7661498;1036.6953;830.46643;0.54642445;0.5399455;0.7689504
0.9371995;1064.5;343.0;519.0;682.0;0.5544271;0.3175926;0.2703125;0.63148147;1023.839;108.76927;0.98620784;0.5332495;0.10071229;1044.0421;82.0307;0.9798084;0.5437719;0.075954355;1004.05334;84.93908;0.91683894;0.52294445;0.07864729;1107.6418;52.717392;0.90274936;0.5768968;0.0488124;0.0;0.0;0.38903755;0.0;0.0;1209.856;146.37776;0.9936481;0.63013333;0.13553497;995.52295;172.97958;0.9743121;0.5185015;0.16016628;1292.7861;332.65964;0.98117346;0.67332613;0.30801818;948.947;353.47137;0.8755458;0.49424323;0.3272883;1256.3737;497.51697;0.969428;0.6543613;0.46066386;866.9678;382.99432;0.86205447;0.45154572;0.35462436;1223.77;463.06577;0.98524;0.63738024;0.4287646;1081.517;468.555;0.97138256;0.56329006;0.43384722;1247.9712;673.68616;0.92979574;0.649985;0.62378347;1037.4059;669.66675;0.87048155;0.54031557;0.6200618;1250.5815;827.98267;0.6144565;0.65134454;0.7666506;1036.6533;830.42346;0.52702206;0.5399236;0.7689106
0.9370279;1067.0;343.5;512.0;683.0;0.55572915;0.31805557;0.26666668;0.6324074;1025.4758;105.256165;0.9843912;0.534102;0.09745941;1046.0669;78.27441;0.9769125;0.5448265;0.072476305;1005.9494;81.588844;0.90846217;0.523932;0.07554523;1107.7546;51.751442;0.894125;0.57695556;0.047918003;0.0;0.0;0.40032664;0.0;0.0;1209.968;145.81618;0.99333775;0.6301917;0.13501498;995.3366;171.73521;0.9763375;0.5184045;0.15901409;1296.71;333.40698;0.97989833;0.6753698;0.30871016;949.50037;353.97064;0.88021773;0.49453145;0.3277506;1261.7024;501.5547;0.9621795;0.6571367;0.4644025;870.5052;376.61505;0.86010814;0.45338812;0.34871763;1220.0426;463.21774;0.9876672;0.63543886;0.4289053;1078.198;468.00696;0.9765198;0.56156147;0.43333977;1248.3284;672.8766;0.92899823;0.65017104;0.6230339;1037.8655;666.1334;0.88044655;0.54055494;0.61679024;1239.9752;835.0493;0.58396375;0.64582044;0.77319384;1036.301;838.85657;0.5186991;0.53974015;0.77671903
0.93754417;1067.0;343.5;510.0;683.0;0.55572915;0.31805557;0.265625;0.6324074;1027.507;105.729675;0.98450154;0.5351599;0.09789785;1048.2592;79.0838;0.9768609;0.5459683;0.073225744;1008.2611;81.68216;0.90808976;0.525136;0.075631626;1110.0135;52.801025;0.8943529;0.57813203;0.04888984;0.0;0.0;0.40034065;0.0;0.0;1210.6455;146.94418;0.99357855;0.63054454;0.13605943;995.8297;172.34477;0.9771607;0.5186613;0.15957849;1296.7241;337.21793;0.9808623;0.67537713;0.3122388;949.77124;354.6894;0.8847743;0.4946725;0.3284161;1261.3918;506.9472;0.96398896;0.6569749;0.46939555;874.0967;371.80865;0.86624587;0.4552587;0.34426728;1220.2544;460.16254;0.9877985;0.6355492;0.4260764;1078.4442;465.70413;0.976723;0.5616897;0.43120754;1248.1079;666.40967;0.9281338;0.6500562;0.617046;1038.5043;664.39435;0.8789753;0.54088765;0.61517996;1239.0256;819.65955;0.5821115;0.64532584;0.75894403;1036.1276;831.3334;0.5149803;0.5396498;0.7697531
0.938167;1069.5;344.0;505.0;682.0;0.5570313;0.31851852;0.26302084;0.63148147;1028.3427;106.139145;0.98371226;0.5355951;0.09827699;1049.3141;79.93025;0.97558165;0.5465177;0.07400949;1009.6863;81.78841;0.90165114;0.52587825;0.07573;1112.1041;53.890686;0.89303774;0.5792209;0.049898785;0.0;0.0;0.38882723;0.0;0.0;1212.083;148.16046;0.9938;0.63129324;0.13718562;997.9332;171.43217;0.9776233;0.5197569;0.1587335;1296.3693;339.98297;0.9820726;0.6751923;0.31479904;951.69434;353.18216;0.8897161;0.49567413;0.32702053;1261.4856;511.1739;0.9660918;0.6570237;0.47330916;879.0522;368.59998;0.87229264;0.45783967;0.3412963;1219.8867;460.85962;0.9884742;0.6353577;0.42672187;1078.6006;465.51727;0.97783333;0.56177115;0.4310345;1248.3434;664.39026;0.92996603;0.65017885;0.61517614;1040.3352;661.17065;0.88145214;0.54184127;0.6121951;1236.9487;811.0027;0.58939344;0.64424413;0.7509284;1036.5334;824.0418;0.5217597;0.53986114;0.7630017
0.93739665;1070.5;343.0;501.0;682.0;0.5575521;0.3175926;0.2609375;0.63148147;1030.0786;105.51933;0.98430955;0.53649926;0.097703084;1051.4147;79.35333;0.9761463;0.54761183;0.07347531;1011.12946;81.296814;0.9068868;0.5266299;0.075274825;1113.2368;54.856888;0.8942157;0.57981086;0.050793413;0.0;0.0;0.40711907;0.0;0.0;1211.698;149.09698;0.9938403;0.6310927;0.13805276;998.7764;172.28426;0.97931117;0.5201961;0.15952246;1296.1073;341.78598;0.981498;0.67505586;0.3164685;954.3989;353.735;0.8953982;0.49708277;0.32753238;1262.5066;516.3978;0.9643762;0.6575555;0.47814614;878.1524;364.7384;0.8751956;0.45737106;0.33772075;1221.7095;459.8327;0.9883916;0.636307;0.42577103;1080.8264;464.32114;0.9784012;0.5629304;0.429927;1247.5325;665.5992;0.92792296;0.6497565;0.6162955;1040.4271;660.6228;0.8813769;0.54188913;0.6116878;1237.9928;809.96466;0.5803998;0.6447879;0.7499673;1039.4287;820.2993;0.5178985;0.54136914;0.7595364
0.9381271;1072.5;343.0;497.0;682.0;0.55859375;0.3175926;0.25885418;0.63148147;1031.1138;106.40366;0.98357105;0.53703845;0.09852191;1052.6023;80.45311;0.9755611;0.54823035;0.07449362;1012.60645;82.19508;0.9012649;0.5273992;0.076106556;1115.0039;56.311203;0.89413595;0.5807312;0.05214;0.0;0.0;0.3917065;0.0;0.0;1213.3232;149.73761;0.9938625;0.6319392;0.13864593;1000.32825;171.9884;0.9779921;0.5210043;0.15924852;1296.4799;343.0756;0.9820181;0.67524993;0.3176626;954.16064;353.51303;0.88992846;0.49695867;0.3273269;1263.4352;520.45667;0.96487045;0.65803915;0.48190433;880.3255;362.9232;0.8701476;0.45850286;0.33604;1221.3313;461.70053;0.98896676;0.63611007;0.4275005;1080.459;465.33185;0.97875595;0.5627391;0.4308628;1246.2943;669.24414;0.93384236;0.6491116;0.6196705;1040.7206;661.3871;0.88757837;0.54204196;0.61239547;1235.9241;821.5038;0.60158956;0.64371043;0.76065165;1037.4136;828.6804;0.53566337;0.54031956;0.7672967
0.9376622;1073.0;343.0;496.0;682.0;0.55885416;0.3175926;0.25833333;0.63148147;1034.269;106.48478;0.98363346;0.5386818;0.09859702;1055.7961;80.78945;0.9756467;0.5498938;0.07480505;1015.8305;82.213165;0.9045914;0.52907836;0.076123305;1116.7554;56.581146;0.8902266;0.5816434;0.05238995;0.0;0.0;0.39843443;0.0;0.0;1213.9133;149.0783;0.9932198;0.63224655;0.13803546;1001.4967;170.14948;0.97669876;0.5216129;0.1575458;1296.9645;344.71912;0.97978216;0.67550236;0.31918436;954.59216;352.94632;0.8837526;0.4971834;0.32680213;1263.2068;524.6782;0.96096206;0.6579202;0.48581317;882.889;358.7303;0.86386865;0.459838;0.33215767;1222.9019;461.97546;0.98768175;0.636928;0.42775506;1082.1927;465.14273;0.9768047;0.5636421;0.43068773;1245.6942;672.8505;0.9295834;0.64879906;0.62300974;1041.3132;663.35315;0.88287634;0.54235065;0.61421585;1237.5669;831.15027;0.58783513;0.6445661;0.7695836;1036.6034;837.1644;0.5247356;0.5398976;0.77515227
0.93788505;1073.5;343.5;495.0;683.0;0.5591146;0.31805557;0.2578125;0.6324074;1037.0132;108.652725;0.9840528;0.540111;0.10060438;1058.4695;82.672005;0.9756138;0.55128616;0.07654815;1018.13696;84.13339;0.90857524;0.5302797;0.07790129;1118.993;57.251816;0.887915;0.58280885;0.05301094;0.0;0.0;0.4128729;0.0;0.0;1215.2456;150.85391;0.9932248;0.6329404;0.13967955;1003.1468;170.3107;0.978299;0.52247226;0.15769508;1297.7688;347.07706;0.97938216;0.67592126;0.32136765;956.8707;350.74713;0.8917088;0.49837017;0.32476586;1264.5957;526.3616;0.9605179;0.6586436;0.48737183;887.1557;356.93207;0.8715155;0.46206027;0.33049265;1222.7429;462.19916;0.98770475;0.6368453;0.42796218;1082.6472;464.86047;0.97769654;0.5638788;0.43042636;1243.3171;671.6641;0.9287948;0.647561;0.6219112;1041.1011;663.11194;0.8853855;0.54224014;0.6139925;1235.0564;826.48865;0.58603466;0.6432585;0.76526725;1038.0566;833.41205;0.527673;0.5406545;0.77167785
0.9373823;1074.5;343.0;493.0;682.0;0.5596354;0.3175926;0.25677082;0.63148147;1039.7634;108.55726;0.98469794;0.5415434;0.10051598;1061.3661;82.45303;0.9762624;0.5527948;0.0763454;1020.343;84.37347;0.91609174;0.53142864;0.07812358;1121.4126;57.784515;0.8846837;0.5840691;0.05350418;0.0;0.0;0.43360665;0.0;0.0;1216.5793;153.26733;0.9926322;0.6336351;0.1419142;1004.6695;169.78789;0.9782492;0.52326536;0.157211;1297.9448;352.50623;0.97637993;0.67601293;0.32639465;958.4431;346.87628;0.89101154;0.4991891;0.32118174;1263.1626;534.7135;0.95527774;0.6578972;0.4951051;892.6134;355.38434;0.86963683;0.46490282;0.32905957;1222.5153;464.0235;0.98633784;0.6367267;0.42965138;1082.4497;465.4057;0.9764174;0.5637759;0.4309312;1242.3771;673.9414;0.9247278;0.6470714;0.6240198;1041.9979;664.6835;0.8844338;0.54270726;0.61544764;1233.7991;835.4564;0.5775438;0.6426037;0.7735708;1037.0309;839.7081;0.5264277;0.54012024;0.77750754
0.93837523;1076.5;343.0;489.0;682.0;0.5606771;0.3175926;0.2546875;0.63148147;1042.4205;110.52054;0.98466253;0.5429274;0.10233383;1064.187;84.55792;0.9759734;0.55426407;0.078294374;1023.0945;85.97376;0.91625804;0.5328617;0.07960533;1123.4714;59.167946;0.8821141;0.58514136;0.054785136;0.0;0.0;0.43443024;0.0;0.0;1217.5736;153.44193;0.9925217;0.63415295;0.14207585;1005.7682;168.61212;0.97859436;0.5238376;0.15612234;1298.6477;353.71454;0.97623265;0.676379;0.32751346;959.5955;347.26407;0.8935313;0.49978933;0.3215408;1263.9048;538.06934;0.95493627;0.65828377;0.49821234;894.7941;353.7877;0.87229;0.4660386;0.3275812;1224.4327;462.6548;0.98668075;0.6377254;0.42838407;1084.1062;463.2857;0.97728056;0.5646387;0.42896825;1244.1836;677.2633;0.92605364;0.6480123;0.62709564;1042.0562;664.453;0.88750553;0.5427376;0.61523426;1239.3572;839.6367;0.5781938;0.6454985;0.7774414;1037.4746;841.02045;0.5297808;0.54035133;0.77872264
0.93852735;1077.0;343.0;486.0;682.0;0.5609375;0.3175926;0.253125;0.63148147;1045.2563;112.47205;0.98513204;0.5444043;0.10414079;1067.0383;85.94305;0.9759973;0.5557491;0.079576895;1024.9595;87.79072;0.9204768;0.5338331;0.081287704;1125.2363;59.047623;0.8803367;0.5860606;0.054673724;0.0;0.0;0.45424497;0.0;0.0;1218.2063;155.2218;0.9926723;0.63448244;0.14372389;1006.26355;168.3359;0.98054576;0.5240956;0.15586658;1298.7993;357.5445;0.9760844;0.676458;0.33105972;960.20715;346.4268;0.90229714;0.5001079;0.32076555;1263.7161;545.97046;0.9541565;0.6581854;0.5055282;898.3101;352.68646;0.87987113;0.46786985;0.32656154;1223.9916;465.24084;0.9864595;0.63749564;0.43077856;1084.1404;464.37152;0.9776988;0.56465644;0.42997363;1240.3954;681.93176;0.91873425;0.64603925;0.6314183;1042.9663;664.51624;0.88026726;0.54321164;0.6152928;1236.4348;836.8843;0.5489543;0.64397645;0.77489287;1041.6826;829.6012;0.5060267;0.54254305;0.76814926
0.9378301;1077.5;343.5;483.0;683.0;0.56119794;0.31805557;0.2515625;0.6324074;1047.4207;114.71329;0.9853947;0.5455316;0.106216006;1069.3977;87.60187;0.97648346;0.556978;0.08111284;1026.8201;89.4118;0.92156035;0.53480214;0.0827887;1127.541;58.65271;0.88009226;0.58726096;0.054308064;0.0;0.0;0.45346484;0.0;0.0;1219.9924;157.67546;0.9927585;0.63541275;0.1459958;1007.47656;168.44495;0.9801752;0.5247274;0.15596755;1298.4941;361.3213;0.9762706;0.67629904;0.33455676;961.2098;346.4219;0.8993608;0.5006301;0.32076102;1263.2736;552.0866;0.95405656;0.657955;0.5111913;899.9749;351.32977;0.87739015;0.46873695;0.32530534;1223.7577;467.52548;0.9868238;0.6373738;0.43289396;1084.051;465.04077;0.9779383;0.5646099;0.4305933;1240.6519;687.0559;0.9235488;0.6461728;0.6361629;1042.6643;664.7009;0.8854874;0.54305434;0.6154638;1236.0156;848.9763;0.56308746;0.6437581;0.7860892;1041.0276;834.80676;0.518883;0.5422019;0.77296925
0.93830496;1080.0;344.0;478.0;684.0;0.5625;0.31851852;0.24895833;0.6333333;1048.2465;113.017296;0.9853603;0.5459617;0.10464565;1070.3939;86.36858;0.97675496;0.55749685;0.07997091;1028.1982;87.79596;0.9210832;0.5355199;0.081292555;1128.5;59.84308;0.8825769;0.5877604;0.05541026;0.0;0.0;0.4520942;0.0;0.0;1221.8186;159.00314;0.9927342;0.63636386;0.14722513;1009.1044;166.46196;0.9796355;0.5255752;0.15413144;1299.658;367.5381;0.9760477;0.6769052;0.34031305;963.1236;343.09726;0.8969017;0.50162685;0.31768265;1263.2463;556.7536;0.9534484;0.6579408;0.5155126;904.2885;351.66815;0.8746831;0.4709836;0.32561865;1226.3901;467.7031;0.9862877;0.6387449;0.4330584;1086.0524;463.8513;0.9769695;0.56565225;0.42949194;1239.0306;687.3144;0.9210276;0.64532846;0.6364022;1042.1357;664.5737;0.8815014;0.542779;0.6153461;1232.0228;850.54517;0.5546884;0.6416786;0.7875418;1040.3157;837.1503;0.50965077;0.5418311;0.7751392
0.9373944;1079.5;344.5;477.0;685.0;0.5622396;0.31898147;0.2484375;0.6342593;1050.0801;114.066376;0.9857107;0.5469167;0.10561702;1072.4545;87.2829;0.97745204;0.55857;0.0808175;1029.9042;88.563995;0.92279553;0.5364084;0.0820037;1131.199;60.342957;0.88405997;0.5891661;0.055873107;0.0;0.0;0.45286027;0.0;0.0;1223.4594;160.41742;0.99270767;0.6372184;0.14853464;1010.77454;165.97705;0.9793595;0.5264451;0.15368246;1298.7522;370.3377;0.97585744;0.67643344;0.34290528;964.94995;342.05453;0.89466786;0.5025781;0.31671715;1262.7373;560.4722;0.95283633;0.6576757;0.51895577;906.03284;351.69403;0.8722402;0.4718921;0.32564262;1226.092;468.64948;0.98600173;0.6385896;0.4339347;1085.4972;463.85706;0.97636175;0.5653631;0.42949727;1240.7202;689.5066;0.9193438;0.64620847;0.638432;1041.8927;665.13116;0.8786163;0.5426524;0.6158622;1234.414;852.00134;0.548716;0.64292395;0.7888901;1040.5769;836.64496;0.5031913;0.54196715;0.77467126
0.9371715;1078.5;346.0;479.0;688.0;0.56171876;0.32037038;0.24947916;0.63703704;1052.456;114.98515;0.98618186;0.5481542;0.10646773;1075.0024;88.30394;0.97774553;0.5598971;0.08176291;1032.0408;89.418846;0.9263408;0.53752124;0.082795225;1133.0547;61.641586;0.8826725;0.59013265;0.05707554;0.0;0.0;0.46676287;0.0;0.0;1223.6461;161.96754;0.9927632;0.6373157;0.14996995;1011.97437;166.04576;0.9803366;0.52707;0.15374607;1297.5669;374.95508;0.9756133;0.6758161;0.34718063;967.3314;341.34528;0.8994642;0.50381845;0.31606045;1262.1432;567.67834;0.9519623;0.6573662;0.5256281;906.57623;351.77075;0.8764924;0.47217512;0.32571366;1226.2317;469.73666;0.98584473;0.63866234;0.43494135;1085.8926;464.6359;0.9766642;0.56556904;0.43021843;1241.4141;688.411;0.91792375;0.64656985;0.6374176;1041.5518;665.8822;0.87916267;0.54247487;0.6165576;1232.9697;847.2614;0.5469599;0.64217174;0.7845013;1038.6455;834.7019;0.50396454;0.5409612;0.77287215
0.9361146;1082.0;349.0;474.0;692.0;0.56354165;0.32314816;0.246875;0.64074075;1056.1389;119.24245;0.9872758;0.5500724;0.11040967;1077.3848;92.70401;0.9804802;0.5611379;0.085837044;1034.7034;94.597916;0.9314579;0.538908;0.087590665;1136.7439;62.829437;0.89304924;0.5920541;0.058175404;0.0;0.0;0.45233253;0.0;0.0;1227.4465;165.3691;0.9925411;0.63929504;0.15311953;1015.72546;168.01831;0.9748052;0.5290237;0.1555725;1292.3322;382.52466;0.9756846;0.6730897;0.3541895;973.7671;334.82767;0.8763776;0.5071704;0.31002563;1261.2886;575.2421;0.95867646;0.65692115;0.5326316;913.2041;353.01062;0.8584694;0.47562712;0.32686168;1227.703;470.8457;0.98079246;0.6394287;0.43596825;1087.5361;466.24896;0.9659946;0.5664251;0.431712;1241.4622;689.26385;0.9130124;0.6465949;0.63820726;1039.815;670.85046;0.8546826;0.5415703;0.6211578;1241.8912;852.34296;0.5665849;0.64681834;0.78920645;0.0;0.0;0.4946553;0.0;0.0
0.9313218;1081.5;356.5;471.0;707.0;0.56328124;0.33009258;0.2453125;0.65462965;1056.4619;119.75903;0.98664665;0.5502406;0.110888;1078.2877;93.48681;0.97995263;0.5616082;0.08656186;1035.3195;94.443214;0.9265527;0.53922886;0.08744742;1139.3896;63.652153;0.8935838;0.5934321;0.058937177;0.0;0.0;0.43435097;0.0;0.0;1228.8613;166.63193;0.99253416;0.64003193;0.15428883;1017.24255;166.6035;0.97329515;0.5298138;0.1542625;1290.9946;384.91873;0.97638136;0.672393;0.35640624;976.09863;331.49368;0.8715188;0.5083847;0.3069386;1261.6448;582.0303;0.95943403;0.65710664;0.53891695;916.02454;354.17056;0.8545135;0.4770961;0.3279357;1227.4186;472.18408;0.98088086;0.6392805;0.4372075;1087.5029;466.62323;0.9652707;0.5664078;0.43205854;1240.2834;692.0438;0.91214955;0.64598095;0.64078134;1041.5629;673.3984;0.85058624;0.54248065;0.62351704;1239.3289;849.68134;0.56415457;0.6454838;0.786742;0.0;0.0;0.48852292;0.0;0.0
0.9357555;1084.0;363.0;464.0;720.0;0.56458336;0.3361111;0.24166666;0.6666667;1059.2568;121.84392;0.98650837;0.55169624;0.11281844;1081.1627;95.64814;0.97935116;0.5631056;0.08856309;1037.8955;96.33884;0.92457044;0.54057056;0.08920263;1142.0962;65.119354;0.89243567;0.5948418;0.060295697;0.0;0.0;0.43317285;0.0;0.0;1230.2903;169.74579;0.99304754;0.6407762;0.15717202;1020.0906;166.10413;0.9749383;0.53129715;0.15380011;1289.2914;390.92438;0.9784979;0.6715059;0.36196703;979.0989;328.02332;0.8811396;0.50994736;0.3037253;1260.0854;587.70935;0.9625773;0.6562945;0.5441753;918.1653;354.43698;0.86444974;0.47821108;0.3281824;1227.9222;473.0891;0.98222095;0.6395428;0.43804547;1089.0614;465.89923;0.9676;0.5672195;0.43138817;1243.3525;688.317;0.9136647;0.64757943;0.6373306;1044.3458;667.6701;0.8527857;0.5439301;0.61821306;1239.7656;836.8059;0.569987;0.64571124;0.77482027;0.0;0.0;0.4943512;0.0;0.0
0.93543065;1084.0;365.5;462.0;725.0;0.56458336;0.33842593;0.240625;0.6712963;1060.2769;122.129196;0.986476;0.55222756;0.11308259;1082.7837;96.525696;0.9793661;0.5639498;0.089375645;1039.435;96.0531;0.92151076;0.5413724;0.08893806;1144.6578;66.79868;0.8961941;0.59617597;0.061850633;0.0;0.0;0.4244626;0.0;0.0;1231.1495;172.00603;0.99379736;0.6412237;0.15926483;1021.7777;165.79886;0.9762456;0.5321759;0.15351745;1287.9443;393.58237;0.98128283;0.6708043;0.3644281;981.2302;326.8998;0.8870361;0.51105744;0.30268502;1258.8613;592.4138;0.96655434;0.65565693;0.5485313;918.3579;356.37552;0.8705168;0.47831142;0.32997733;1227.1964;473.07394;0.98452085;0.6391648;0.43803144;1089.0508;464.53024;0.970873;0.56721395;0.4301206;1243.0243;687.3915;0.9218301;0.6474085;0.6364736;1044.6511;664.01855;0.862434;0.54408914;0.614832;1237.2439;829.8932;0.59328747;0.64439785;0.7684196;1050.199;811.4211;0.51416004;0.54697865;0.75131583
0.9351791;1085.5;367.5;455.0;729.0;0.5653646;0.3402778;0.23697917;0.675;1060.8625;124.3819;0.986424;0.55253255;0.11516842;1083.4205;98.57497;0.97914016;0.5642815;0.091273114;1039.6879;98.09365;0.9183266;0.5415041;0.09082746;1146.0111;67.6355;0.898363;0.5968808;0.06262546;0.0;0.0;0.41739428;0.0;0.0;1232.1289;174.80472;0.99448377;0.6417338;0.16185622;1023.42053;164.74947;0.9779343;0.5330315;0.1525458;1286.1155;398.15637;0.98387975;0.66985184;0.3686633;983.8398;320.98303;0.8965241;0.51241654;0.29720652;1256.5908;597.2143;0.9706435;0.6544744;0.5529762;922.44885;357.1573;0.8807904;0.4804421;0.3307012;1227.4171;473.39563;0.986605;0.6392797;0.43832928;1090.0339;462.9229;0.97431755;0.567726;0.42863232;1241.9481;688.12256;0.9265351;0.64684796;0.6371505;1045.7693;662.15967;0.86820126;0.5446715;0.6131108;1235.6833;822.5454;0.60295427;0.6435851;0.7616161;1053.9739;799.53625;0.5222348;0.5489447;0.7403113
0.93336475;1083.5;369.5;457.0;733.0;0.5643229;0.34212962;0.23802084;0.6787037;1065.2427;126.46037;0.98721516;0.5548139;0.11709294;1087.9238;100.495926;0.97987455;0.56662697;0.093051784;1043.4559;100.17318;0.9233638;0.5434666;0.09275294;1149.3027;68.519714;0.8984311;0.5985952;0.06344418;0.0;0.0;0.43327653;0.0;0.0;1232.9465;177.61096;0.9948196;0.64215964;0.1644546;1025.8503;164.199;0.9794648;0.53429705;0.15203612;1284.6794;402.7306;0.9846095;0.66910386;0.3728987;985.5604;316.91272;0.9022407;0.5133127;0.2934377;1254.1777;601.192;0.97168714;0.65321755;0.5566593;921.8403;359.79172;0.88617164;0.48012513;0.3331405;1226.2546;474.46844;0.98752815;0.6386743;0.43932262;1090.6208;462.32062;0.97626436;0.56803167;0.42807466;1238.8157;686.6555;0.9330381;0.6452165;0.63579214;1046.2832;658.8597;0.8796596;0.54493916;0.61005527;1232.0588;825.37415;0.6271443;0.6416973;0.7642353;1054.8262;798.05585;0.54805195;0.54938865;0.7389406
0.9298313;1081.5;370.5;457.0;735.0;0.56328124;0.34305555;0.23802084;0.6805556;1068.009;128.9333;0.987128;0.5562547;0.11938269;1090.4697;102.66133;0.9793591;0.567953;0.09505679;1045.5294;102.97014;0.9238958;0.54454654;0.09534272;1151.2769;69.73416;0.8942358;0.5996234;0.06456867;0.0;0.0;0.4367357;0.0;0.0;1234.6117;178.95761;0.9946683;0.64302695;0.1657015;1027.5642;163.9439;0.97958744;0.5351897;0.1517999;1283.2942;406.7273;0.98430806;0.6683824;0.37659934;988.3202;313.5594;0.90529037;0.5147501;0.29033276;1252.6499;603.715;0.97137165;0.65242183;0.55899537;923.9756;363.30896;0.88952833;0.4812373;0.33639717;1228.0073;474.92627;0.9876359;0.63958716;0.43974656;1091.8212;462.4428;0.9770095;0.56865686;0.4281878;1242.932;683.96436;0.9346852;0.64736044;0.6333003;1046.516;658.7952;0.8848105;0.5450604;0.6099956;1235.8109;824.48456;0.637245;0.64365155;0.76341164;1054.9082;798.3565;0.56127983;0.5494314;0.739219
0.92873126;1085.5;374.0;447.0;742.0;0.5653646;0.3462963;0.2328125;0.68703705;1072.4448;130.74252;0.98776394;0.558565;0.12105789;1095.2213;104.1893;0.97941935;0.5704278;0.09647158;1049.2832;104.66853;0.9275751;0.5465017;0.09691531;1154.45;70.105156;0.8926303;0.60127604;0.064912185;0.0;0.0;0.45702073;0.0;0.0;1235.2668;181.02429;0.9952676;0.6433681;0.16761509;1028.99;162.57806;0.9823543;0.5359323;0.15053524;1282.3286;410.5656;0.9860308;0.66787946;0.38015336;990.77734;309.79163;0.9182441;0.5160299;0.2868441;1248.6106;608.48047;0.97424966;0.650318;0.56340784;929.62244;366.781;0.9033307;0.48417836;0.33961204;1227.6328;475.32373;0.98907965;0.6393921;0.44011456;1092.7181;460.95343;0.97999394;0.56912404;0.42680874;1240.4434;684.14545;0.93745;0.6460642;0.63346803;1049.4292;654.8524;0.8906905;0.5465777;0.6063448;1231.1384;818.5419;0.64233977;0.64121795;0.7579091;1058.1486;784.6581;0.56922287;0.551119;0.72653526
0.92648876;1086.0;374.0;446.0;742.0;0.565625;0.3462963;0.23229167;0.68703705;1072.5167;132.86356;0.9870042;0.55860245;0.12302181;1095.4515;107.23828;0.9787123;0.5705477;0.09929471;1050.3453;106.73538;0.9239229;0.5470549;0.09882906;1155.6422;74.52262;0.89153916;0.601897;0.06900243;0.0;0.0;0.44494137;0.0;0.0;1236.8176;184.1418;0.9948309;0.6441758;0.17050166;1031.3363;161.34988;0.9805331;0.5371543;0.14939804;1282.3656;414.34744;0.98479825;0.6678988;0.38365504;993.7948;304.64316;0.9114638;0.51760143;0.28207698;1247.005;610.95355;0.9721983;0.6494818;0.5656977;932.2085;367.7253;0.8959702;0.48552525;0.3404864;1227.2185;477.855;0.98841023;0.6391763;0.44245833;1092.6534;461.47916;0.9788528;0.5690903;0.4272955;1238.1122;688.03687;0.9382993;0.6448501;0.6370712;1048.6819;656.6555;0.89273334;0.5461885;0.60801435;1227.665;829.4819;0.65061617;0.6394089;0.76803875;1059.3608;797.63513;0.5790175;0.5517504;0.738551
0.9234549;1089.5;377.5;441.0;749.0;0.5674479;0.34953704;0.2296875;0.6935185;1074.7566;135.69095;0.98664397;0.55976903;0.12563977;1097.4729;109.763214;0.978276;0.5716005;0.1016326;1051.8008;110.01455;0.9206537;0.5478129;0.10186532;1158.2065;75.32357;0.8894492;0.60323256;0.06974404;0.0;0.0;0.43106723;0.0;0.0;1238.4009;182.42802;0.9948448;0.64500046;0.16891484;1034.0641;159.28;0.9796268;0.53857505;0.14748149;1280.958;414.1742;0.9854974;0.66716564;0.38349462;996.1918;299.36652;0.9103716;0.5188499;0.27719122;1245.4905;612.3585;0.9735821;0.64869297;0.5669986;934.9631;369.67218;0.8966614;0.48695993;0.34228906;1228.1558;473.73975;0.9892018;0.6396645;0.43864793;1094.3173;457.48087;0.9799294;0.5699569;0.4235934;1236.7563;683.4825;0.9452677;0.64414394;0.63285416;1050.8253;655.84973;0.9027117;0.54730487;0.6072683;1227.375;832.0164;0.68035156;0.6392578;0.77038556;1058.9358;801.42535;0.6075213;0.55152905;0.74206054
0.9240162;1094.5;380.5;431.0;755.0;0.5700521;0.3523148;0.22447917;0.6990741;1076.8745;138.21143;0.9863511;0.56087214;0.12797354;1099.5277;112.53829;0.97773105;0.5726707;0.10420212;1054.1392;112.3496;0.9185742;0.54903084;0.104027405;1159.6797;76.6368;0.8854943;0.60399985;0.07096;0.0;0.0;0.42449617;0.0;0.0;1239.0686;184.05902;0.99474585;0.64534825;0.17042501;1036.4578;156.89227;0.9786906;0.53982174;0.14527062;1278.6882;419.2596;0.9855526;0.66598344;0.38820335;999.10767;295.8641;0.9082956;0.5203686;0.27394825;1242.9908;614.0451;0.97396064;0.6473911;0.5685603;938.7061;371.7679;0.8965511;0.48890942;0.34422955;1230.1874;472.60992;0.9892651;0.6407226;0.43760177;1097.7864;454.95166;0.9799454;0.57176375;0.42125154;1236.6558;681.2247;0.9489028;0.64409155;0.6307636;1052.5374;653.105;0.90840304;0.54819655;0.60472685;1225.8048;835.2799;0.6987466;0.63844;0.77340734;1058.9019;805.0197;0.6264035;0.5515114;0.7453886
0.9217968;1097.5;384.0;425.0;762.0;0.57161456;0.35555556;0.22135417;0.70555556;1078.1029;139.44402;0.9856857;0.56151193;0.12911484;1101.0701;114.07217;0.9763683;0.573474;0.10562237;1055.7222;113.20656;0.9112373;0.5498553;0.104820885;1161.3777;77.95173;0.8840634;0.6048842;0.07217753;0.0;0.0;0.40732518;0.0;0.0;1238.365;186.80847;0.9951969;0.64498174;0.1729708;1038.9673;155.54782;0.9796652;0.5411288;0.14402576;1277.1929;422.35388;0.98757184;0.66520464;0.3910684;1002.4215;291.517;0.9154712;0.52209455;0.26992315;1240.4631;615.651;0.97747415;0.64607453;0.5700472;942.4772;374.2647;0.9053401;0.49087352;0.3465414;1229.0435;469.12454;0.99102235;0.6401268;0.43437457;1098.8474;449.53757;0.982854;0.57231635;0.4162385;1236.0039;677.4406;0.9556694;0.64375204;0.62725985;1053.3059;645.46014;0.91849595;0.5485968;0.59764826;1230.146;826.5242;0.7256749;0.64070106;0.76530015;1059.3145;792.76044;0.65443027;0.5517263;0.73403746
0.9227133;1097.5;385.5;423.0;765.0;0.57161456;0.35694444;0.2203125;0.7083333;1082.2249;142.96376;0.98520213;0.5636588;0.13237385;1104.4062;117.18013;0.9746207;0.5752116;0.10850012;1059.5261;117.10764;0.91072077;0.55183655;0.108433;1163.0405;77.86411;0.8745151;0.60575026;0.0720964;0.0;0.0;0.41587442;0.0;0.0;1240.4199;185.83508;0.99503005;0.64605206;0.17206952;1041.4075;153.69797;0.9801548;0.5423997;0.14231293;1275.9495;424.86722;0.9872671;0.66455704;0.39339557;1004.4298;290.88202;0.9200657;0.52314055;0.2693352;1239.4047;617.75745;0.9771656;0.64552325;0.57199764;943.8218;377.84326;0.9102229;0.49157384;0.3498549;1229.1469;470.70218;0.99085337;0.64018065;0.43583536;1099.7134;450.73315;0.98308265;0.5727674;0.41734552;1235.4636;677.3772;0.95414865;0.64347064;0.6272011;1054.0748;647.08295;0.91807437;0.5489973;0.5991509;1223.5098;825.14923;0.7206355;0.63724464;0.76402706;1058.824;790.6637;0.6517803;0.5514708;0.732096
0.9221266;1097.5;387.0;425.0;770.0;0.57161456;0.35833332;0.22135417;0.712963;1082.449;143.8055;0.98455805;0.5637755;0.13315323;1104.9978;118.843094;0.97441757;0.5755197;0.110039905;1060.406;117.6955;0.9039894;0.5522948;0.10897732;1164.5;80.84576;0.8786659;0.6065104;0.07485718;0.0;0.0;0.39564905;0.0;0.0;1240.3247;187.68723;0.99517244;0.6460025;0.17378446;1043.2173;152.94748;0.97884095;0.54334235;0.14161804;1274.8767;425.79803;0.9881125;0.6639983;0.39425743;1008.29346;287.74408;0.9152621;0.52515286;0.2664297;1239.2661;619.9198;0.97829175;0.6454511;0.5739998;945.95886;380.0926;0.90595186;0.4926869;0.3519376;1228.9999;467.62054;0.9912908;0.6401041;0.432982;1100.3428;446.61456;0.9831163;0.5730952;0.413532;1236.1079;675.2645;0.9565423;0.6438062;0.6252449;1054.3754;643.1671;0.91897047;0.54915386;0.5955251;1226.8641;820.79205;0.731878;0.6389917;0.75999266;1061.5964;787.23645;0.65884167;0.5529148;0.72892267
0.9213076;1104.5;386.0;411.0;770.0;0.5752604;0.35740742;0.2140625;0.712963;1082.1843;146.39127;0.9794678;0.5636377;0.13554747;1105.6614;120.6657;0.96718085;0.5758653;0.111727506;1062.2552;120.38873;0.8985301;0.55325794;0.11147105;1162.228;80.310425;0.8483889;0.60532707;0.0743615;0.0;0.0;0.41752714;0.0;0.0;1233.4685;187.73096;0.9942404;0.6424315;0.17382497;1045.5571;148.37384;0.9740379;0.544561;0.1373832;1274.18;421.66516;0.9834658;0.66363543;0.39043072;1011.2263;289.23053;0.89880854;0.52668035;0.26780605;1239.9167;618.97687;0.95715237;0.64579;0.57312673;949.39746;381.42322;0.87080956;0.49447784;0.35316965;1220.8926;465.8053;0.99228424;0.63588154;0.4313012;1097.6921;442.5943;0.9854295;0.57171464;0.40980953;1239.5945;671.7453;0.96303004;0.64562213;0.6219864;1059.0759;644.1061;0.93571883;0.55160207;0.59639454;1230.1465;832.72107;0.7580872;0.6407013;0.77103806;1065.3118;810.7543;0.69506854;0.55484986;0.7506984
0.9234925;1106.5;386.5;407.0;771.0;0.5763021;0.35787037;0.21197917;0.7138889;1085.5066;148.74652;0.980495;0.565368;0.13772826;1108.731;121.76887;0.9672006;0.57746404;0.11274895;1064.2751;122.8867;0.90612274;0.55430996;0.113783985;1164.07;78.30699;0.8424417;0.6062864;0.07250647;0.0;0.0;0.44230947;0.0;0.0;1234.0154;187.90228;0.9942473;0.64271635;0.17398359;1046.3962;148.41959;0.9768545;0.54499805;0.13742554;1272.849;422.62543;0.9831587;0.6629422;0.39131984;1013.6622;286.96045;0.91032577;0.52794904;0.26570413;1237.1855;623.23303;0.9567275;0.64436746;0.5770676;952.20886;381.3955;0.88323164;0.49594212;0.353144;1222.0967;465.29068;0.99206394;0.6365087;0.4308247;1099.2449;442.00406;0.9858329;0.57252336;0.409263;1242.1204;670.3507;0.9587772;0.64693767;0.6206951;1061.4358;642.6348;0.9318853;0.5528311;0.5950323;1234.3496;822.1313;0.73576576;0.6428904;0.7612327;1070.5875;794.2;0.6764656;0.5575977;0.7353704
0.9153144;1111.5;387.0;401.0;770.0;0.57890624;0.35833332;0.20885417;0.712963;1087.2007;149.5263;0.9792693;0.5662504;0.13845028;1110.1241;122.6346;0.9644384;0.5781897;0.11355055;1066.1726;123.926926;0.89953846;0.5552982;0.11474715;1165.1909;78.496605;0.83451533;0.6068703;0.07268204;0.0;0.0;0.42986917;0.0;0.0;1234.4795;189.40973;0.99415165;0.64295805;0.17537938;1049.2264;146.82957;0.9774954;0.54647213;0.1359533;1272.0347;424.42026;0.98369735;0.6625181;0.3929817;1016.1647;283.3858;0.91709477;0.5292524;0.26239425;1234.176;624.52386;0.95877564;0.64280003;0.57826287;957.3832;379.62933;0.89253426;0.49863708;0.35150865;1222.7837;464.288;0.99284256;0.6368665;0.4298963;1100.69;439.29456;0.9874627;0.573276;0.40675423;1247.4824;670.19586;0.9623633;0.64973044;0.6205517;1061.7249;637.4182;0.9387556;0.5529817;0.59020203;1248.6868;823.4969;0.7516859;0.65035766;0.7624971;1070.4817;788.74414;0.698278;0.55754256;0.73031867
0.9191241;1114.0;388.5;394.0;775.0;0.58020836;0.35972223;0.20520833;0.7175926;1090.0315;151.63016;0.98153657;0.56772476;0.1403983;1113.3889;124.54178;0.96703726;0.5798901;0.11531646;1068.4882;125.86036;0.9141507;0.55650425;0.11653737;1167.0603;80.36387;0.8331774;0.60784394;0.07441099;0.0;0.0;0.4710732;0.0;0.0;1234.1415;191.1614;0.9941713;0.64278203;0.1770013;1049.6923;146.07358;0.97964877;0.5467147;0.13525331;1269.7144;426.9355;0.9824394;0.66130954;0.39531064;1018.19995;279.7789;0.922928;0.5303125;0.25905454;1232.3699;626.2639;0.956027;0.6418593;0.579874;960.3492;382.45508;0.8978529;0.50018185;0.35412508;1222.9092;464.64526;0.9923609;0.63693184;0.4302271;1101.7833;438.67593;0.98740923;0.5738455;0.40618142;1241.9913;669.5083;0.9604972;0.6468705;0.61991507;1061.6356;636.80054;0.93907785;0.55293524;0.5896301;1237.9624;823.57666;0.7451606;0.6447721;0.762571;1069.8805;788.25525;0.6972469;0.5572294;0.72986597
0.91615516;1116.0;389.0;392.0;776.0;0.58125;0.36018518;0.20416667;0.7185185;1092.2183;153.01387;0.9801916;0.5688637;0.14167951;1115.7139;126.012566;0.9638661;0.581101;0.116678305;1070.6539;127.1773;0.9084129;0.55763227;0.11775676;1168.9937;81.62935;0.82476425;0.60885084;0.07558273;0.0;0.0;0.467658;0.0;0.0;1234.7238;191.58742;0.9941507;0.6430853;0.17739576;1051.654;145.7719;0.980331;0.54773647;0.13497397;1268.9977;426.18335;0.9829874;0.6609363;0.39461422;1020.17633;278.34595;0.92860806;0.53134185;0.25772774;1230.2734;628.08386;0.9575706;0.6407674;0.5815591;962.63916;386.23022;0.90467215;0.50137454;0.35762057;1223.6533;464.89105;0.9925506;0.63731945;0.43045467;1103.4077;438.35333;0.98794925;0.57469153;0.40588272;1241.1151;668.944;0.9589268;0.6464141;0.6193926;1062.9276;634.72;0.9376807;0.5536081;0.5877037;1234.3556;813.9242;0.73746604;0.64289355;0.7536335;1068.3894;776.6968;0.6910546;0.5564528;0.71916366
0.90795016;78.0;236.0;156.0;472.0;0.040625;0.21851853;0.08125;0.43703705;0.0;0.0;0.08382979;0.0;0.0;0.0;0.0;0.043079376;0.0;0.0;0.0;0.0;0.04969757;0.0;0.0;0.0;0.0;0.020915978;0.0;0.0;0.0;0.0;0.04249199;0.0;0.0;0.0;0.0;0.4951318;0.0;0.0;0.0;0.0;0.06689213;0.0;0.0;77.496056;8.203629;0.6430682;0.04036253;0.007595952;0.0;0.0;0.034930684;0.0;0.0;91.06996;6.2455444;0.5941996;0.04743227;0.0057829116;0.0;0.0;0.07188455;0.0;0.0;54.831905;131.66771;0.9421764;0.028558284;0.12191454;0.0;139.96982;0.8008687;0.0;0.12960169;94.09948;260.0424;0.9825729;0.049010146;0.24078;10.592068;283.3347;0.93288994;0.005516702;0.26234692;102.67023;373.1921;0.97940993;0.053474076;0.34554824;40.738186;403.24356;0.9373308;0.021217804;0.37337366
